"Country Name","Country Code","Indicator Name","Indicator Code","1960","1961","1962","1963","1964","1965","1966","1967","1968","1969","1970","1971","1972","1973","1974","1975","1976","1977","1978","1979","1980","1981","1982","1983","1984","1985","1986","1987","1988","1989","1990","1991","1992","1993","1994","1995","1996","1997","1998","1999","2000","2001","2002","2003","2004","2005","2006","2007","2008","2009","2010","2011","2012","2013","2014","2015","2016","2017","2018","X","Y","NEIGHBORS"
"Afghanistan","AFG","Labor force, total","SL.TLF.TOTL.IN",NA,NA,NA,NA,NA,NA,NA,NA,NA,NA,NA,NA,NA,NA,NA,NA,NA,NA,NA,NA,NA,NA,NA,NA,NA,NA,NA,NA,NA,NA,3270825,3480811,3759162,4067992,4365798,4631347,4801781,4924653,5032304,5162557,5336840,5606987,5934968,6292828,6644955,6969404,7133722,7264788,7390836,7549815,7766590,8126681,8560749,9051268,9567711,10087598,10551800,10937230,11316509,66.0047336557856,33.8352307278467,"CHN,TJK,IRN,TKM,UZB,PAK"
"Angola","AGO","Labor force, total","SL.TLF.TOTL.IN",NA,NA,NA,NA,NA,NA,NA,NA,NA,NA,NA,NA,NA,NA,NA,NA,NA,NA,NA,NA,NA,NA,NA,NA,NA,NA,NA,NA,NA,NA,4926078,5071476,5238302,5421915,5606129,5789720,5956206,6126032,6304184,6498101,6711619,6934595,7182006,7445833,7723412,8011142,8294270,8590630,8903075,9233513,9578368,9926136,10291553,10671132,11062740,11464498,11871028,12298645,12743692,17.5373676815488,-12.2933605437937,"ZMB,COG,COD,NAM"
"Albania","ALB","Labor force, total","SL.TLF.TOTL.IN",NA,NA,NA,NA,NA,NA,NA,NA,NA,NA,NA,NA,NA,NA,NA,NA,NA,NA,NA,NA,NA,NA,NA,NA,NA,NA,NA,NA,NA,NA,1420577,1435960,1426968,1405233,1383889,1357669,1353847,1368603,1363892,1354626,1350697,1338328,1338094,1319856,1301290,1282212,1266919,1250632,1234727,1226713,1225744,1271832,1325041,1249102,1275842,1333035,1331755,1330861,1332298,20.0498339610888,41.1424498947452,"MKD,GRC,MNE"
"United Arab Emirates","ARE","Labor force, total","SL.TLF.TOTL.IN",NA,NA,NA,NA,NA,NA,NA,NA,NA,NA,NA,NA,NA,NA,NA,NA,NA,NA,NA,NA,NA,NA,NA,NA,NA,NA,NA,NA,NA,NA,939637,1007725,1084187,1167823,1252952,1338614,1404157,1479747,1565716,1662350,1771864,1908932,2063389,2261132,2541423,2928896,3430362,4054528,4731781,5360469,5891852,6149579,6286325,6339424,6367992,6414735,6415833,6447142,6502636,54.3001671015638,23.9052818784965,"OMN,SAU"
"Argentina","ARG","Labor force, total","SL.TLF.TOTL.IN",NA,NA,NA,NA,NA,NA,NA,NA,NA,NA,NA,NA,NA,NA,NA,NA,NA,NA,NA,NA,NA,NA,NA,NA,NA,NA,NA,NA,NA,NA,13484131,13786316,14128799,14443022,14767850,14991493,15303465,15653101,15961436,16192192,16458400,16694710,16830712,17210175,17597867,17751236,18064580,18090391,18118705,18474862,18248453,18830069,19015971,19151572,19207364,19486951,19704082,19901885,20100709,-65.179806925003,-35.3813487952628,"PRY,CHL,BOL,URY,BRA"
"Armenia","ARM","Labor force, total","SL.TLF.TOTL.IN",NA,NA,NA,NA,NA,NA,NA,NA,NA,NA,NA,NA,NA,NA,NA,NA,NA,NA,NA,NA,NA,NA,NA,NA,NA,NA,NA,NA,NA,NA,1464480,1450278,1423055,1388267,1353338,1323559,1305445,1294450,1289196,1286912,1285259,1290071,1294489,1298703,1303286,1308394,1310512,1313226,1311694,1325693,1380524,1404422,1401345,1414410,1411931,1398274,1402993,1409757,1415060,44.9299327563557,40.2895256918901,"IRN,GEO,TUR,AZE"
"Australia","AUS","Labor force, total","SL.TLF.TOTL.IN",NA,NA,NA,NA,NA,NA,NA,NA,NA,NA,NA,NA,NA,NA,NA,NA,NA,NA,NA,NA,NA,NA,NA,NA,NA,NA,NA,NA,NA,NA,8498142,8542463,8616597,8651059,8820284,9025057,9153619,9220617,9322181,9416369,9603084,9789976,9947031,10126911,10247103,10556752,10801453,10969546,11259265,11494997,11692524,11859905,12026236,12205765,12355521,12592463,12741985,12910684,13037442,134.491000082134,-25.7328870417306,NA
"Austria","AUT","Labor force, total","SL.TLF.TOTL.IN",NA,NA,NA,NA,NA,NA,NA,NA,NA,NA,NA,NA,NA,NA,NA,NA,NA,NA,NA,NA,NA,NA,NA,NA,NA,NA,NA,NA,NA,NA,3568280,3617487,3696441,3731731,3827521,3862031,3834266,3823947,3858935,3887965,3899183,3886923,3972924,3992277,3891230,4017205,4074463,4162650,4209485,4256778,4276558,4305299,4352343,4393513,4412005,4460834,4535197,4565912,4567526,14.1264760996378,47.585494392036,"CHE,SVN,ITA,DEU,CZE,SVK,HUN,LIE"
"Azerbaijan","AZE","Labor force, total","SL.TLF.TOTL.IN",NA,NA,NA,NA,NA,NA,NA,NA,NA,NA,NA,NA,NA,NA,NA,NA,NA,NA,NA,NA,NA,NA,NA,NA,NA,NA,NA,NA,NA,NA,2905276,2944777,3024223,3109133,3185885,3247732,3295332,3340970,3386782,3439577,3508581,3586313,3663214,3742291,3829758,3927697,4021668,4123365,4260007,4390880,4472075,4540067,4626294,4700437,4788222,4873418,4966648,5002124,5035524,47.5459987891545,40.2882723471047,"RUS,IRN,GEO,TUR,ARM"
"Burundi","BDI","Labor force, total","SL.TLF.TOTL.IN",NA,NA,NA,NA,NA,NA,NA,NA,NA,NA,NA,NA,NA,NA,NA,NA,NA,NA,NA,NA,NA,NA,NA,NA,NA,NA,NA,NA,NA,NA,2579227,2589699,2602226,2615470,2627556,2638344,2643793,2647273,2653527,2677085,2714429,2802498,2905730,3020850,3142756,3267144,3388958,3513541,3639043,3764253,3888282,3983756,4081386,4181126,4283003,4424012,4572248,4713453,4859820,29.8751215644644,-3.35939665747007,"RWA,TZA,COD"
"Belgium","BEL","Labor force, total","SL.TLF.TOTL.IN",NA,NA,NA,NA,NA,NA,NA,NA,NA,NA,NA,NA,NA,NA,NA,NA,NA,NA,NA,NA,NA,NA,NA,NA,NA,NA,NA,NA,NA,NA,3948785,4037587,4076635,4100360,4163102,4195168,4197564,4218297,4255095,4367000,4411179,4307572,4350497,4381761,4465111,4616055,4634917,4722788,4766098,4788134,4887403,4871419,4912346,4968932,4984375,5000910,5004722,5011369,5026601,4.63873575677642,50.6395896350855,"FRA,NLD,DEU,LUX"
"Benin","BEN","Labor force, total","SL.TLF.TOTL.IN",NA,NA,NA,NA,NA,NA,NA,NA,NA,NA,NA,NA,NA,NA,NA,NA,NA,NA,NA,NA,NA,NA,NA,NA,NA,NA,NA,NA,NA,NA,1954606,2022815,2096810,2177716,2260590,2343986,2415916,2488738,2563039,2639937,2720193,2800140,2884087,2983550,3084631,3186622,3279879,3374022,3469776,3568162,3669956,3771519,3887587,4008319,4133823,4264471,4397267,4541703,4692752,2.32785254448766,9.6417597022545,"BFA,TGO,NGA,NER"
"Burkina Faso","BFA","Labor force, total","SL.TLF.TOTL.IN",NA,NA,NA,NA,NA,NA,NA,NA,NA,NA,NA,NA,NA,NA,NA,NA,NA,NA,NA,NA,NA,NA,NA,NA,NA,NA,NA,NA,NA,NA,3861684,3962279,4043081,4129264,4221098,4317416,4402861,4495695,4593755,4695676,4801334,4895917,4996386,5101563,5211557,5324990,5428598,5544104,5662809,5783758,5906179,6017265,6131581,6246727,6360090,6571496,6787147,6995457,7210974,-1.75456600914436,12.2695384574254,"MLI,GHA,CIV,TGO,BEN,NER"
"Bangladesh","BGD","Labor force, total","SL.TLF.TOTL.IN",NA,NA,NA,NA,NA,NA,NA,NA,NA,NA,NA,NA,NA,NA,NA,NA,NA,NA,NA,NA,NA,NA,NA,NA,NA,NA,NA,NA,NA,NA,34585841,35621946,36723431,37894393,39138880,40461698,41775968,43172218,44628349,46112850,47598773,48946794,50303954,51642722,52935998,54175076,55153622,56091457,57004748,57920440,58860664,59932582,61016510,62111483,63214859,64315695,65383994,66642260,67901053,90.2381274322828,23.8673115800337,"IND,MMR"
"Bulgaria","BGR","Labor force, total","SL.TLF.TOTL.IN",NA,NA,NA,NA,NA,NA,NA,NA,NA,NA,NA,NA,NA,NA,NA,NA,NA,NA,NA,NA,NA,NA,NA,NA,NA,NA,NA,NA,NA,NA,4025729,3994325,3968791,3900299,3848551,3788970,3728446,3661232,3587909,3513846,3437082,3508796,3419546,3350106,3392853,3334372,3442126,3517645,3583298,3509649,3426004,3343906,3353729,3378725,3371015,3344317,3273146,3243187,3211189,25.2155290863233,42.7689031797158,"ROU,MKD,GRC,SRB,TUR"
"Bahrain","BHR","Labor force, total","SL.TLF.TOTL.IN",NA,NA,NA,NA,NA,NA,NA,NA,NA,NA,NA,NA,NA,NA,NA,NA,NA,NA,NA,NA,NA,NA,NA,NA,NA,NA,NA,NA,NA,NA,216689,222201,229879,238526,247930,257703,264010,271342,280118,291227,305448,325858,349795,378726,413257,453396,501657,556576,614060,668183,714129,727110,740032,747939,758823,777898,816373,865078,919306,50.5419693231534,26.0420513477029,NA
"Bahamas, The","BHS","Labor force, total","SL.TLF.TOTL.IN",NA,NA,NA,NA,NA,NA,NA,NA,NA,NA,NA,NA,NA,NA,NA,NA,NA,NA,NA,NA,NA,NA,NA,NA,NA,NA,NA,NA,NA,NA,124676,129367,133615,137539,141380,144543,146833,149330,152132,155091,158124,163117,168364,173699,179253,185054,189997,195076,200382,205986,211925,216028,220582,225022,228988,232360,235445,238352,240489,-76.6284303801639,24.2903670222699,NA
"Bosnia and Herzegovina","BIH","Labor force, total","SL.TLF.TOTL.IN",NA,NA,NA,NA,NA,NA,NA,NA,NA,NA,NA,NA,NA,NA,NA,NA,NA,NA,NA,NA,NA,NA,NA,NA,NA,NA,NA,NA,NA,NA,1762564,1729442,1677146,1615367,1556691,1509447,1484018,1471855,1469684,1472629,1476986,1481224,1488928,1498405,1507645,1520922,1526001,1526931,1524360,1519557,1511947,1493318,1472565,1450915,1429288,1413554,1409620,1403237,1398209,17.7687673323019,44.1745012472211,"HRV,MNE,SRB"
"Belarus","BLR","Labor force, total","SL.TLF.TOTL.IN",NA,NA,NA,NA,NA,NA,NA,NA,NA,NA,NA,NA,NA,NA,NA,NA,NA,NA,NA,NA,NA,NA,NA,NA,NA,NA,NA,NA,NA,NA,4694079,4681514,4687585,4702607,4712835,4720885,4732446,4734066,4739762,4757665,4802442,4839071,4872922,4904624,4934871,4962595,4979529,5005628,5035410,5067067,5092010,5100899,5107252,5111689,5113318,5113974,5100187,5066858,5012467,28.0320930702574,53.5313137685053,"RUS,UKR,LTU,LVA,POL"
"Belize","BLZ","Labor force, total","SL.TLF.TOTL.IN",NA,NA,NA,NA,NA,NA,NA,NA,NA,NA,NA,NA,NA,NA,NA,NA,NA,NA,NA,NA,NA,NA,NA,NA,NA,NA,NA,NA,NA,NA,61852,63415,64750,66008,67468,69714,72880,76782,81011,85292,89462,93560,97633,101747,106027,110524,115926,121504,127233,133065,138942,145600,151971,155090,158175,161220,166784,172349,177841,-88.7101048564282,17.2002750901543,"GTM,MEX"
"Bolivia","BOL","Labor force, total","SL.TLF.TOTL.IN",NA,NA,NA,NA,NA,NA,NA,NA,NA,NA,NA,NA,NA,NA,NA,NA,NA,NA,NA,NA,NA,NA,NA,NA,NA,NA,NA,NA,NA,NA,2752910,2830073,2900346,2982622,3070272,3162047,3253250,3351429,3440151,3529476,3619879,3728987,3841508,3956829,4074072,4192826,4312839,4340127,4461403,4562872,4662547,4757848,4669681,4803674,5052899,4857588,4984659,5093219,5202708,-64.685386451465,-16.7081478725017,"PER,PRY,CHL,ARG,BRA"
"Brazil","BRA","Labor force, total","SL.TLF.TOTL.IN",NA,NA,NA,NA,NA,NA,NA,NA,NA,NA,NA,NA,NA,NA,NA,NA,NA,NA,NA,NA,NA,NA,NA,NA,NA,NA,NA,NA,NA,NA,59935846,61720617,63508382,65327429,67219398,69195727,71175413,73222937,75322303,77450662,79594358,81661448,84421018,86249044,88930591,90912552,92908412,93952059,95687739,97400070,97300825,97106421,98201510,99541859,100603554,102301658,103214044,104278222,105306920,-53.0978311266914,-10.7877770246052,"FRA,VEN,GUY,SUR,COL,PER,PRY,BOL,URY,ARG"
"Barbados","BRB","Labor force, total","SL.TLF.TOTL.IN",NA,NA,NA,NA,NA,NA,NA,NA,NA,NA,NA,NA,NA,NA,NA,NA,NA,NA,NA,NA,NA,NA,NA,NA,NA,NA,NA,NA,NA,NA,136412,134915,137528,139595,141400,143677,142953,143752,144304,144712,144991,146172,147195,148122,150322,150997,151471,151927,152299,152486,152250,152874,151111,153217,148959,150500,152668,152437,151958,-59.5597970021157,13.1814542822248,NA
"Brunei Darussalam","BRN","Labor force, total","SL.TLF.TOTL.IN",NA,NA,NA,NA,NA,NA,NA,NA,NA,NA,NA,NA,NA,NA,NA,NA,NA,NA,NA,NA,NA,NA,NA,NA,NA,NA,NA,NA,NA,NA,109985,113841,117944,122283,126886,131770,136093,140812,145941,151408,157080,161006,164986,169227,173619,178028,180858,183801,186985,190511,194390,199021,203502,207899,212311,215384,217847,221398,225053,114.722030353813,4.51968957502799,"MYS"
"Bhutan","BTN","Labor force, total","SL.TLF.TOTL.IN",NA,NA,NA,NA,NA,NA,NA,NA,NA,NA,NA,NA,NA,NA,NA,NA,NA,NA,NA,NA,NA,NA,NA,NA,NA,NA,NA,NA,NA,NA,194467,192463,189091,185186,181816,179854,183902,190056,198120,207884,219105,234269,250989,268487,285786,302195,316034,328786,340498,351556,352752,352709,349247,361128,360141,380655,387787,396174,404119,90.4018815525414,27.4110658857804,"CHN,IND"
"Botswana","BWA","Labor force, total","SL.TLF.TOTL.IN",NA,NA,NA,NA,NA,NA,NA,NA,NA,NA,NA,NA,NA,NA,NA,NA,NA,NA,NA,NA,NA,NA,NA,NA,NA,NA,NA,NA,NA,NA,478103,495787,513625,531720,550244,569103,585293,601868,619040,628200,635691,658674,682037,705876,730338,755534,782726,799323,816294,833681,813670,891082,962234,1028360,1052477,1077373,1101759,1130007,1158649,23.798533677294,-22.1840321328432,"ZMB,ZWE,NAM,ZAF"
"Central African Republic","CAF","Labor force, total","SL.TLF.TOTL.IN",NA,NA,NA,NA,NA,NA,NA,NA,NA,NA,NA,NA,NA,NA,NA,NA,NA,NA,NA,NA,NA,NA,NA,NA,NA,NA,NA,NA,NA,NA,1206730,1236606,1270588,1307102,1344778,1382608,1416019,1448989,1482161,1515951,1550859,1580056,1609656,1640168,1670588,1701801,1730011,1758817,1786419,1810128,1828455,1833531,1832131,1830505,1829028,1833456,1855564,1891572,1935354,20.4682683097521,6.56823297047814,"SDN,COG,COD,SDS,CMR,TCD"
"Canada","CAN","Labor force, total","SL.TLF.TOTL.IN",NA,NA,NA,NA,NA,NA,NA,NA,NA,NA,NA,NA,NA,NA,NA,NA,NA,NA,NA,NA,NA,NA,NA,NA,NA,NA,NA,NA,NA,NA,14716482,14808612,14790326,14876718,14987193,15052399,15194505,15445238,15698979,15986015,16235249,16492176,16944708,17361674,17583893,17734768,17912036,18274723,18573598,18709052,18913515,19059145,19264216,19504718,19601132,19733477,19926490,20097371,20192958,-98.3077702819014,61.3620632436939,"USA"
"Switzerland","CHE","Labor force, total","SL.TLF.TOTL.IN",NA,NA,NA,NA,NA,NA,NA,NA,NA,NA,NA,NA,NA,NA,NA,NA,NA,NA,NA,NA,NA,NA,NA,NA,NA,NA,NA,NA,NA,NA,3808142,3856598,3885656,3909083,3880091,3888068,3930418,3930371,3975142,3997693,3996363,4053901,4092310,4139797,4147794,4171832,4236262,4307785,4409978,4480050,4450003,4539326,4597385,4656463,4743060,4814309,4889961,4930840,4956475,8.20867470615036,46.7978587836161,"FRA,ITA,DEU,AUT,LIE"
"Chile","CHL","Labor force, total","SL.TLF.TOTL.IN",NA,NA,NA,NA,NA,NA,NA,NA,NA,NA,NA,NA,NA,NA,NA,NA,NA,NA,NA,NA,NA,NA,NA,NA,NA,NA,NA,NA,NA,NA,4998770,5081323,5288626,5512621,5608597,5605394,5693561,5829969,5977579,6088782,6059995,6168517,6240491,6388231,6680371,6738518,6937896,7238105,7466172,7534841,8005342,8276686,8379169,8503214,8640594,8755232,8841540,8963428,9079751,-71.3825621317792,-37.7307098930349,"PER,BOL,ARG"
"China","CHN","Labor force, total","SL.TLF.TOTL.IN",NA,NA,NA,NA,NA,NA,NA,NA,NA,NA,NA,NA,NA,NA,NA,NA,NA,NA,NA,NA,NA,NA,NA,NA,NA,NA,NA,NA,NA,NA,639943430,648168644,658132789,668969201,679289835,688175365,700455725,709659006,717198752,725253179,734849258,740669268,747357876,754391730,760824124,766360863,770370795,774185350,777399187,779404706,779956733,782565087,784480961,785747229,786573327,787073203,787050042,786738207,784182010,103.819073145824,36.5617653792527,"RUS,TJK,KGZ,MAC,HKG,MNG,KAZ,IND,NPL,BTN,MMR,KAS,LAO,VNM,PRK,AFG,PAK"
"Cote d'Ivoire","CIV","Labor force, total","SL.TLF.TOTL.IN",NA,NA,NA,NA,NA,NA,NA,NA,NA,NA,NA,NA,NA,NA,NA,NA,NA,NA,NA,NA,NA,NA,NA,NA,NA,NA,NA,NA,NA,NA,4563496,4727508,4898919,5075760,5255110,5431430,5593663,5758639,5919904,6046665,6165381,6234839,6296159,6353591,6411916,6475346,6556256,6643909,6739504,6844066,6957112,7082245,7217611,7361291,7510643,7663648,7806149,8015967,8234429,-5.56921569979733,7.6284262023542,"GIN,MLI,GHA,LBR,BFA"
"Cameroon","CMR","Labor force, total","SL.TLF.TOTL.IN",NA,NA,NA,NA,NA,NA,NA,NA,NA,NA,NA,NA,NA,NA,NA,NA,NA,NA,NA,NA,NA,NA,NA,NA,NA,NA,NA,NA,NA,NA,4887796,5024351,5165872,5313284,5463841,5619178,5767941,5922614,6084171,6253404,6430498,6606532,6791025,6984435,7187428,7400806,7614570,7840595,8077153,8322260,8574179,8825221,9084881,9352279,9627629,9910668,10196177,10499670,10815707,12.7396415575373,5.69109848985864,"COG,CAF,NGA,GAB,GNQ,TCD"
"Congo, Dem. Rep.","COD","Labor force, total","SL.TLF.TOTL.IN",NA,NA,NA,NA,NA,NA,NA,NA,NA,NA,NA,NA,NA,NA,NA,NA,NA,NA,NA,NA,NA,NA,NA,NA,NA,NA,NA,NA,NA,NA,13622012,14125841,14687255,15277928,15844432,16371453,16811058,17221312,17617575,18041943,18517562,19019366,19568668,20161969,20792332,21454895,22119643,22824378,23567154,24350550,25161388,25978726,26834662,27724675,28649762,29613110,30594477,31643726,32750588,23.6439610660395,-2.87746288969974,"ZMB,RWA,TZA,COG,UGA,CAF,SDS,AGO,BDI"
"Congo, Rep.","COG","Labor force, total","SL.TLF.TOTL.IN",NA,NA,NA,NA,NA,NA,NA,NA,NA,NA,NA,NA,NA,NA,NA,NA,NA,NA,NA,NA,NA,NA,NA,NA,NA,NA,NA,NA,NA,NA,941791,969342,998258,1029072,1062056,1095311,1128905,1165057,1202236,1241820,1281008,1318591,1357425,1399171,1443710,1491337,1544069,1602535,1661952,1721011,1778110,1826034,1871491,1915819,1959944,2007089,2059688,2115708,2175352,15.2196576195159,-0.837874631183661,"COD,CAF,AGO,GAB,CMR"
"Colombia","COL","Labor force, total","SL.TLF.TOTL.IN",NA,NA,NA,NA,NA,NA,NA,NA,NA,NA,NA,NA,NA,NA,NA,NA,NA,NA,NA,NA,NA,NA,NA,NA,NA,NA,NA,NA,NA,NA,11663731,12023308,12404446,12764256,13279811,13816367,14365683,14940737,15536950,16146328,16763818,17406537,18049380,18695610,19352639,20023285,20681687,21357162,22041055,22718441,23318223,23993408,24690404,25001105,25321884,25773738,26020330,26421385,26812412,-73.0811458240929,3.91383430725032,"PAN,VEN,PER,ECU,BRA"
"Comoros","COM","Labor force, total","SL.TLF.TOTL.IN",NA,NA,NA,NA,NA,NA,NA,NA,NA,NA,NA,NA,NA,NA,NA,NA,NA,NA,NA,NA,NA,NA,NA,NA,NA,NA,NA,NA,NA,NA,95081,98219,101053,104172,107668,110931,114362,117662,121147,124702,128029,131618,135335,139202,143256,147462,151738,156327,161164,166133,171302,176500,181907,187471,193283,199301,205152,211248,217417,43.6825396847678,-11.8778344355281,NA
"Cabo Verde","CPV","Labor force, total","SL.TLF.TOTL.IN",NA,NA,NA,NA,NA,NA,NA,NA,NA,NA,NA,NA,NA,NA,NA,NA,NA,NA,NA,NA,NA,NA,NA,NA,NA,NA,NA,NA,NA,NA,113670,116733,120244,124113,128113,132168,136014,139797,143565,147434,151429,156053,160687,165306,169759,174114,178657,183003,187380,191891,196391,200755,205417,210239,215093,219928,224850,230322,235427,-23.9598882025518,15.9552332421415,NA
"Costa Rica","CRI","Labor force, total","SL.TLF.TOTL.IN",NA,NA,NA,NA,NA,NA,NA,NA,NA,NA,NA,NA,NA,NA,NA,NA,NA,NA,NA,NA,NA,NA,NA,NA,NA,NA,NA,NA,NA,NA,1173771,1202753,1219738,1272845,1321678,1386181,1382691,1480606,1566144,1603613,1616228,1715417,1758312,1808814,1816444,1927456,1961761,2031009,2062200,2083466,2074923,2162195,2181973,2227090,2314225,2322227,2252807,2288525,2322097,-84.1920876775362,9.97634463839699,"NIC,PAN"
"Cuba","CUB","Labor force, total","SL.TLF.TOTL.IN",NA,NA,NA,NA,NA,NA,NA,NA,NA,NA,NA,NA,NA,NA,NA,NA,NA,NA,NA,NA,NA,NA,NA,NA,NA,NA,NA,NA,NA,NA,4063199,4127573,4186543,4232833,4286699,4332345,4393108,4428579,4450434,4483036,4523466,4557926,4599492,4649334,4698705,4802184,4904117,5002933,5078019,5204889,5193434,5212438,5228129,5239365,5243258,5247083,5235377,5239922,5240401,-79.0160538444629,21.6228952793113,NA
"Cyprus","CYP","Labor force, total","SL.TLF.TOTL.IN",NA,NA,NA,NA,NA,NA,NA,NA,NA,NA,NA,NA,NA,NA,NA,NA,NA,NA,NA,NA,NA,NA,NA,NA,NA,NA,NA,NA,NA,NA,341875,352175,360015,369437,381442,388597,399695,412582,421285,432165,445064,465087,475466,494612,509338,518104,531751,546653,557592,570712,585472,585620,589187,593803,604597,604351,611515,615941,619767,33.0060021957105,34.916672112011,"CYN"
"Czech Republic","CZE","Labor force, total","SL.TLF.TOTL.IN",NA,NA,NA,NA,NA,NA,NA,NA,NA,NA,NA,NA,NA,NA,NA,NA,NA,NA,NA,NA,NA,NA,NA,NA,NA,NA,NA,NA,NA,NA,4938954,4979467,5024861,5079352,5138632,5158918,5156951,5134661,5155929,5184005,5153263,5132262,5133854,5128040,5124920,5180535,5186107,5185902,5205303,5249751,5241295,5232517,5269165,5321932,5322708,5336207,5387517,5371439,5345031,15.3124016280994,49.7334123294874,"DEU,AUT,POL,SVK"
"Germany","DEU","Labor force, total","SL.TLF.TOTL.IN",NA,NA,NA,NA,NA,NA,NA,NA,NA,NA,NA,NA,NA,NA,NA,NA,NA,NA,NA,NA,NA,NA,NA,NA,NA,NA,NA,NA,NA,NA,38880021,40037069,39883632,39661299,39918708,39792491,39816401,40043322,40074824,40291717,40252663,40336149,40453688,40658170,40560978,41261012,41609632,41888572,41895668,41956660,42016700,41699644,41807485,42203758,42457453,42780921,43294640,43473204,43401665,10.3857805079669,51.1069818074632,"CHE,FRA,NLD,DNK,AUT,CZE,POL,LUX,BEL"
"Djibouti","DJI","Labor force, total","SL.TLF.TOTL.IN",NA,NA,NA,NA,NA,NA,NA,NA,NA,NA,NA,NA,NA,NA,NA,NA,NA,NA,NA,NA,NA,NA,NA,NA,NA,NA,NA,NA,NA,NA,205827,211385,214955,217601,220311,224155,230478,237855,245971,254302,262452,268843,275003,281010,287008,293218,299773,306647,313811,321277,329048,337239,345705,354387,363137,371861,379954,389053,398017,42.5606754026393,11.7487180558782,"ETH,ERI,SOL"
"Denmark","DNK","Labor force, total","SL.TLF.TOTL.IN",NA,NA,NA,NA,NA,NA,NA,NA,NA,NA,NA,NA,NA,NA,NA,NA,NA,NA,NA,NA,NA,NA,NA,NA,NA,NA,NA,NA,NA,NA,2871612,2875103,2877358,2858715,2780846,2825968,2836607,2857119,2845775,2878797,2863199,2854562,2890599,2870437,2898633,2900837,2931220,2930831,2962829,2952579,2929869,2928221,2911871,2894562,2907004,2931381,3024435,3042143,3048085,10.028009919086,55.9812529592908,"DEU"
"Dominican Republic","DOM","Labor force, total","SL.TLF.TOTL.IN",NA,NA,NA,NA,NA,NA,NA,NA,NA,NA,NA,NA,NA,NA,NA,NA,NA,NA,NA,NA,NA,NA,NA,NA,NA,NA,NA,NA,NA,NA,2810117,2883790,2961648,3036402,3108602,3184933,3263498,3345785,3429412,3512416,3593219,3677606,3760797,3837522,3916749,4004812,4094178,4186049,4177682,4163546,4333627,4512646,4614844,4700862,4810133,4918081,5004117,5080983,5156983,-70.5056889612129,18.8943308233396,"HTI"
"Algeria","DZA","Labor force, total","SL.TLF.TOTL.IN",NA,NA,NA,NA,NA,NA,NA,NA,NA,NA,NA,NA,NA,NA,NA,NA,NA,NA,NA,NA,NA,NA,NA,NA,NA,NA,NA,NA,NA,NA,6484542,6754996,7004053,7300262,7594034,7847493,8095011,8298430,8507767,8719362,8930844,9157772,9379025,9598651,9819838,10042331,10254769,10460259,10661124,10861377,11136913,11358846,11597754,12064551,11642537,11798733,11937169,12106254,12264043,2.61732300919783,28.1589384944876,"MAR,SAH,MRT,MLI,NER,LBY,TUN"
"Ecuador","ECU","Labor force, total","SL.TLF.TOTL.IN",NA,NA,NA,NA,NA,NA,NA,NA,NA,NA,NA,NA,NA,NA,NA,NA,NA,NA,NA,NA,NA,NA,NA,NA,NA,NA,NA,NA,NA,NA,4007080,4148179,4288463,4432690,4587065,4736268,4880048,5022628,5346736,5471310,5597194,5717835,5839780,6069549,6230809,6392897,6648766,6715958,6775402,6828569,6731008,6794068,7005377,7085380,7207342,7627599,8002328,8120097,8234781,-78.7520192249895,-1.42381612487738,"COL,PER"
"Egypt, Arab Rep.","EGY","Labor force, total","SL.TLF.TOTL.IN",NA,NA,NA,NA,NA,NA,NA,NA,NA,NA,NA,NA,NA,NA,NA,NA,NA,NA,NA,NA,NA,NA,NA,NA,NA,NA,NA,NA,NA,NA,15785901,16188639,16577157,17024865,17843313,17872794,18195535,18488736,18773905,19957106,20449217,20823211,21206688,22074281,22954071,23825225,24616731,25778898,26560782,27333918,28162941,28501607,29133980,29844308,29973127,30077388,30468857,31149152,31874735,29.8619009908347,26.4959331064002,"SDN,ISR,PSX,LBY"
"Spain","ESP","Labor force, total","SL.TLF.TOTL.IN",NA,NA,NA,NA,NA,NA,NA,NA,NA,NA,NA,NA,NA,NA,NA,NA,NA,NA,NA,NA,NA,NA,NA,NA,NA,NA,NA,NA,NA,NA,15595298,15743092,15886435,16113250,16426784,16541282,16820521,17146141,17424344,17749922,18265124,18197220,19041577,19814449,20485984,21257362,21906638,22486703,23119646,23387009,23577615,23613896,23604153,23376875,23144274,23057270,23016544,22966950,22865279,-3.64755047322915,40.2444869811484,"PRT,FRA,AND"
"Estonia","EST","Labor force, total","SL.TLF.TOTL.IN",NA,NA,NA,NA,NA,NA,NA,NA,NA,NA,NA,NA,NA,NA,NA,NA,NA,NA,NA,NA,NA,NA,NA,NA,NA,NA,NA,NA,NA,NA,773920,767018,751577,732208,716952,704343,693954,695466,680741,673723,679287,669046,654674,677798,678254,673834,693423,692026,697830,690487,683977,687789,684718,680940,676070,686173,694110,690355,684287,25.542485365633,58.671929717321,"RUS,LVA"
"Ethiopia","ETH","Labor force, total","SL.TLF.TOTL.IN",NA,NA,NA,NA,NA,NA,NA,NA,NA,NA,NA,NA,NA,NA,NA,NA,NA,NA,NA,NA,NA,NA,NA,NA,NA,NA,NA,NA,NA,NA,20132057,20804338,21530924,22290092,23073605,24073644,24998742,25932572,26883145,27867576,28995057,30063195,31206100,32406073,33643955,34917430,35973485,37077115,38242595,39483877,40797577,42212145,43678838,45196499,46668355,48171784,49661396,51450036,53294707,39.6008009763224,8.62278679310023,"SDN,ERI,DJI,SDS,SOL,SOM,KEN"
"Finland","FIN","Labor force, total","SL.TLF.TOTL.IN",NA,NA,NA,NA,NA,NA,NA,NA,NA,NA,NA,NA,NA,NA,NA,NA,NA,NA,NA,NA,NA,NA,NA,NA,NA,NA,NA,NA,NA,NA,2622943,2581454,2536684,2514652,2494534,2475034,2457487,2503903,2522404,2566264,2586076,2608203,2623439,2620889,2611741,2627895,2661097,2690371,2718446,2689293,2679193,2692085,2699346,2685266,2688682,2695058,2687198,2684550,2682200,26.2746656041619,64.4988460348704,"NOR,SWE,RUS"
"Fiji","FJI","Labor force, total","SL.TLF.TOTL.IN",NA,NA,NA,NA,NA,NA,NA,NA,NA,NA,NA,NA,NA,NA,NA,NA,NA,NA,NA,NA,NA,NA,NA,NA,NA,NA,NA,NA,NA,NA,269361,274047,277664,282783,287696,293252,296277,298442,300399,301758,302503,307332,311049,314170,317297,320655,320615,321402,329699,338152,346453,352840,359045,364959,370549,371824,374560,377262,379967,165.451954317666,-17.4285803174516,NA
"France","FRA","Labor force, total","SL.TLF.TOTL.IN",NA,NA,NA,NA,NA,NA,NA,NA,NA,NA,NA,NA,NA,NA,NA,NA,NA,NA,NA,NA,NA,NA,NA,NA,NA,NA,NA,NA,NA,NA,26127485,25976881,26170128,26280222,26343125,26474105,26800553,26770280,26947641,27263121,27479615,27558926,27903772,28468122,28660874,28944175,29089933,29328351,29530640,29765570,29861054,29856868,30091903,30231689,30213192,30251104,30319992,30356754,30399118,-2.76172944518861,42.1734401107241,"ESP,CHE,AND,ITA,DEU,LUX,MCO,BEL,SUR,BRA"
"Gabon","GAB","Labor force, total","SL.TLF.TOTL.IN",NA,NA,NA,NA,NA,NA,NA,NA,NA,NA,NA,NA,NA,NA,NA,NA,NA,NA,NA,NA,NA,NA,NA,NA,NA,NA,NA,NA,NA,NA,262983,268872,275778,282593,289813,297339,305325,313633,322611,333157,343696,354241,365858,378287,392058,406820,424517,442778,463656,485826,508697,531198,555520,580711,606116,630944,650081,667636,684137,11.7886286968418,-0.586600249550737,"COG,GNQ,CMR"
"United Kingdom","GBR","Labor force, total","SL.TLF.TOTL.IN",NA,NA,NA,NA,NA,NA,NA,NA,NA,NA,NA,NA,NA,NA,NA,NA,NA,NA,NA,NA,NA,NA,NA,NA,NA,NA,NA,NA,NA,NA,29039664,28910691,28744592,28508005,28449535,28418872,28517679,28692663,28761240,29050150,29295681,29259367,29588702,29868748,30142943,30589897,31037309,31240900,31647690,31825552,32010415,32192066,32543044,32852108,33143711,33408045,33693492,33870286,34010834,-2.86563164083816,54.1238715577294,"IRL"
"Georgia","GEO","Labor force, total","SL.TLF.TOTL.IN",NA,NA,NA,NA,NA,NA,NA,NA,NA,NA,NA,NA,NA,NA,NA,NA,NA,NA,NA,NA,NA,NA,NA,NA,NA,NA,NA,NA,NA,NA,2391448,2421563,2455711,2492166,2486218,2414864,2341255,2286451,2265499,2251087,2171584,2252587,2181513,2214407,2158312,2138711,2122512,2106816,2091498,2074268,2087206,2093599,2103213,2055774,2038910,2058239,2034776,2031857,2025924,43.5078025200065,42.1685575536794,"RUS,TUR,AZE,ARM"
"Ghana","GHA","Labor force, total","SL.TLF.TOTL.IN",NA,NA,NA,NA,NA,NA,NA,NA,NA,NA,NA,NA,NA,NA,NA,NA,NA,NA,NA,NA,NA,NA,NA,NA,NA,NA,NA,NA,NA,NA,6208305,6394947,6591430,6794084,7000153,7206143,7403737,7601332,7802035,8011453,8233054,8482966,8752398,9038013,9334366,9638794,9949174,10266995,10593703,10931018,11278251,11612784,11956205,12306610,12626315,12951160,13273030,13636862,14011888,-1.21676565807291,7.95345643541408,"CIV,BFA,TGO"
"Guinea","GIN","Labor force, total","SL.TLF.TOTL.IN",NA,NA,NA,NA,NA,NA,NA,NA,NA,NA,NA,NA,NA,NA,NA,NA,NA,NA,NA,NA,NA,NA,NA,NA,NA,NA,NA,NA,NA,NA,2225805,2343237,2480122,2624082,2761257,2881269,2969967,3039349,3096922,3151037,3208996,3264382,3322371,3386317,3453982,3525761,3599250,3680046,3764600,3856228,3949509,4041018,4136561,4238211,4347427,4463720,4581649,4715858,4857826,-10.9406661160513,10.4362159331311,"GNB,SEN,SLE,MLI,LBR,CIV"
"Gambia, The","GMB","Labor force, total","SL.TLF.TOTL.IN",NA,NA,NA,NA,NA,NA,NA,NA,NA,NA,NA,NA,NA,NA,NA,NA,NA,NA,NA,NA,NA,NA,NA,NA,NA,NA,NA,NA,NA,NA,282798,292504,301242,309464,318513,328285,337216,347142,358075,370014,382899,395064,408411,422749,437850,453631,468847,484943,501944,519908,538838,557627,577412,596317,616249,636668,657204,680638,705042,-15.3960129463055,13.4496524351937,"SEN"
"Guinea-Bissau","GNB","Labor force, total","SL.TLF.TOTL.IN",NA,NA,NA,NA,NA,NA,NA,NA,NA,NA,NA,NA,NA,NA,NA,NA,NA,NA,NA,NA,NA,NA,NA,NA,NA,NA,NA,NA,NA,NA,400674,410031,419893,430073,440417,450759,458420,466224,474811,483405,492678,503828,515987,529030,542824,557268,571748,587087,603314,620441,638479,656475,675898,696139,716881,737918,758555,779982,801561,-14.9497244459172,12.0474494814859,"SEN,GIN"
"Equatorial Guinea","GNQ","Labor force, total","SL.TLF.TOTL.IN",NA,NA,NA,NA,NA,NA,NA,NA,NA,NA,NA,NA,NA,NA,NA,NA,NA,NA,NA,NA,NA,NA,NA,NA,NA,NA,NA,NA,NA,NA,149413,154311,158997,164333,170205,176750,182331,187443,195349,204040,213728,220821,230450,241551,252557,265682,278354,291958,306856,324574,344590,359824,376134,395446,415715,438146,455294,471595,489427,10.3413792388503,1.7055513546428,"GAB,CMR"
"Greece","GRC","Labor force, total","SL.TLF.TOTL.IN",NA,NA,NA,NA,NA,NA,NA,NA,NA,NA,NA,NA,NA,NA,NA,NA,NA,NA,NA,NA,NA,NA,NA,NA,NA,NA,NA,NA,NA,NA,4198323,4163454,4280786,4318576,4425528,4516731,4613396,4638407,4768547,4841822,4875327,4817129,4870160,4918725,5008033,5005408,5048711,5053999,5066621,5123669,5148117,5083019,5040033,4986002,4926565,4908892,4906562,4880180,4847793,22.9555579369142,39.0746962306955,"ALB,MKD,BGR,TUR"
"Guatemala","GTM","Labor force, total","SL.TLF.TOTL.IN",NA,NA,NA,NA,NA,NA,NA,NA,NA,NA,NA,NA,NA,NA,NA,NA,NA,NA,NA,NA,NA,NA,NA,NA,NA,NA,NA,NA,NA,NA,3119868,3203842,3286729,3369801,3458224,3554570,3646438,3749557,3860937,3973923,4087333,4214943,4344954,4476913,4619227,4906124,5198807,5289678,5383364,5475328,5563096,5656806,6282035,5977798,6218528,6370690,6613095,6812658,7015993,-90.3648200857733,15.6940366349636,"SLV,HND,BLZ,MEX"
"Guam","GUM","Labor force, total","SL.TLF.TOTL.IN",NA,NA,NA,NA,NA,NA,NA,NA,NA,NA,NA,NA,NA,NA,NA,NA,NA,NA,NA,NA,NA,NA,NA,NA,NA,NA,NA,NA,NA,NA,65484,66942,68282,69557,70541,71528,72391,73201,73915,74710,75309,75630,75788,75934,76014,76106,76216,76325,76561,76982,77237,77474,77738,78059,78446,78919,79564,80337,80972,144.767910219556,13.4416562570342,NA
"Guyana","GUY","Labor force, total","SL.TLF.TOTL.IN",NA,NA,NA,NA,NA,NA,NA,NA,NA,NA,NA,NA,NA,NA,NA,NA,NA,NA,NA,NA,NA,NA,NA,NA,NA,NA,NA,NA,NA,NA,282322,284899,287560,289915,288732,287064,285629,283881,281563,278498,274889,272191,269017,267872,267546,267531,270762,274155,277153,280040,282888,287815,293146,298812,304468,309869,314468,318670,322973,-58.9820245893054,4.79378034012318,"VEN,SUR,BRA"
"Hong Kong SAR, China","HKG","Labor force, total","SL.TLF.TOTL.IN",NA,NA,NA,NA,NA,NA,NA,NA,NA,NA,NA,NA,NA,NA,NA,NA,NA,NA,NA,NA,NA,NA,NA,NA,NA,NA,NA,NA,NA,NA,2869336,2920256,2915059,2951623,3021612,3101880,3234750,3263541,3305791,3350430,3392866,3440151,3496693,3489685,3532460,3553267,3596080,3651714,3664393,3682695,3656647,3722477,3815201,3880572,3905376,3939418,3949386,3950085,3944822,114.113804541765,22.3982773722984,"CHN"
"Honduras","HND","Labor force, total","SL.TLF.TOTL.IN",NA,NA,NA,NA,NA,NA,NA,NA,NA,NA,NA,NA,NA,NA,NA,NA,NA,NA,NA,NA,NA,NA,NA,NA,NA,NA,NA,NA,NA,NA,1759704,1822835,1889734,1959861,2028450,2104458,2182135,2266148,2353028,2438976,2469003,2497202,2533211,2568138,2602700,2637117,2816592,2949034,3086237,3227286,3341173,3364545,3382020,3604498,3833217,4074270,4203355,4312986,4421957,-86.615166096335,14.8268816519178,"SLV,GTM,NIC"
"Croatia","HRV","Labor force, total","SL.TLF.TOTL.IN",NA,NA,NA,NA,NA,NA,NA,NA,NA,NA,NA,NA,NA,NA,NA,NA,NA,NA,NA,NA,NA,NA,NA,NA,NA,NA,NA,NA,NA,NA,2217668,2091103,2061078,2127313,2119145,2114074,2026655,2052220,2010606,2025874,1963084,1960885,1932679,1944364,1995734,1995069,1979110,1993075,1997206,1993136,1967855,1877365,1857668,1837999,1890446,1893618,1833268,1805707,1791455,16.4041289939516,45.0804763057065,"SVN,BIH,MNE,SRB,HUN"
"Haiti","HTI","Labor force, total","SL.TLF.TOTL.IN",NA,NA,NA,NA,NA,NA,NA,NA,NA,NA,NA,NA,NA,NA,NA,NA,NA,NA,NA,NA,NA,NA,NA,NA,NA,NA,NA,NA,NA,NA,2721317,2767933,2811792,2855232,2901419,2951659,3003108,3057662,3114945,3174073,3234895,3320458,3410844,3505274,3602766,3702725,3805021,3908842,4012116,4120017,4223862,4335698,4449655,4566998,4682458,4794239,4905887,5014081,5120135,-72.6852750898533,18.935025634308,"DOM"
"Hungary","HUN","Labor force, total","SL.TLF.TOTL.IN",NA,NA,NA,NA,NA,NA,NA,NA,NA,NA,NA,NA,NA,NA,NA,NA,NA,NA,NA,NA,NA,NA,NA,NA,NA,NA,NA,NA,NA,NA,4502993,4513117,4530056,4385639,4256617,4182756,4079773,4011271,4066044,4139284,4160580,4147331,4150157,4221391,4202060,4273343,4304574,4287279,4258902,4258580,4299649,4315998,4368797,4401133,4525623,4616126,4686095,4656605,4626560,19.3955911606714,47.1627750614469,"SVN,ROU,UKR,HRV,AUT,SVK,SRB"
"Indonesia","IDN","Labor force, total","SL.TLF.TOTL.IN",NA,NA,NA,NA,NA,NA,NA,NA,NA,NA,NA,NA,NA,NA,NA,NA,NA,NA,NA,NA,NA,NA,NA,NA,NA,NA,NA,NA,NA,NA,72987003,76000177,79029391,81200219,83417123,85704930,87940878,90265238,93615736,96880468,99018448,100806703,102495611,104087207,105609290,107099831,109060869,110974767,112784214,114924975,116988944,118672947,120202270,121651092,123063758,122582281,125383553,127110965,128878153,117.240113117841,-2.21505455238201,"PNG,TLS,MYS"
"India","IND","Labor force, total","SL.TLF.TOTL.IN",NA,NA,NA,NA,NA,NA,NA,NA,NA,NA,NA,NA,NA,NA,NA,NA,NA,NA,NA,NA,NA,NA,NA,NA,NA,NA,NA,NA,NA,NA,327612407,335309031,343350282,351841793,360942196,368221327,375264721,382547455,390041620,397713183,405521019,417003387,428862880,441049645,453489620,466155121,467165824,468125060,469002609,469829385,470610752,473683611,476800625,485906723,494963721,503834632,512765199,520194130,527415086,79.6119760945121,22.8857819800289,"CHN,NPL,BGD,BTN,MMR,KAS,PAK"
"Ireland","IRL","Labor force, total","SL.TLF.TOTL.IN",NA,NA,NA,NA,NA,NA,NA,NA,NA,NA,NA,NA,NA,NA,NA,NA,NA,NA,NA,NA,NA,NA,NA,NA,NA,NA,NA,NA,NA,NA,1347676,1379236,1375126,1409816,1446894,1472002,1522339,1566065,1643824,1716529,1775859,1818257,1869018,1914483,1970240,2076422,2158278,2241741,2270210,2239328,2211362,2191923,2183707,2199444,2200837,2216634,2248289,2262895,2270417,-8.13793568666852,53.1754487039966,"GBR"
"Iran, Islamic Rep.","IRN","Labor force, total","SL.TLF.TOTL.IN",NA,NA,NA,NA,NA,NA,NA,NA,NA,NA,NA,NA,NA,NA,NA,NA,NA,NA,NA,NA,NA,NA,NA,NA,NA,NA,NA,NA,NA,NA,14234962,14390391,14600359,14794270,15009979,15270605,15667101,16393917,17191044,18052039,18973996,20004112,21099667,22261184,23468763,24692931,24717904,24706267,23958309,24639491,24632928,24725749,24818655,24901251,24960570,25936916,27165257,27344920,27486480,54.2740701796094,32.5750328620757,"IRQ,TKM,AFG,PAK,TUR,AZE,ARM"
"Iraq","IRQ","Labor force, total","SL.TLF.TOTL.IN",NA,NA,NA,NA,NA,NA,NA,NA,NA,NA,NA,NA,NA,NA,NA,NA,NA,NA,NA,NA,NA,NA,NA,NA,NA,NA,NA,NA,NA,NA,4006110,4134735,4260976,4428713,4602133,4772425,4960352,5139861,5298707,5459752,5623195,5773410,5928840,6086450,6241978,6673745,7101683,7524199,7953549,8179143,8402958,8664860,8894655,9217796,9619604,9983673,10234985,10601039,10970952,43.7435314887818,33.0397058231526,"KWT,IRN,JOR,TUR,SAU,SYR"
"Iceland","ISL","Labor force, total","SL.TLF.TOTL.IN",NA,NA,NA,NA,NA,NA,NA,NA,NA,NA,NA,NA,NA,NA,NA,NA,NA,NA,NA,NA,NA,NA,NA,NA,NA,NA,NA,NA,NA,NA,141965,143930,147806,147896,149444,155103,153709,153677,158874,164020,169237,171637,171169,172123,173090,174965,181724,187323,189957,187681,188675,187904,189265,193289,198782,203034,208175,210822,211362,-18.5739616708052,64.9957538606732,NA
"Israel","ISR","Labor force, total","SL.TLF.TOTL.IN",NA,NA,NA,NA,NA,NA,NA,NA,NA,NA,NA,NA,NA,NA,NA,NA,NA,NA,NA,NA,NA,NA,NA,NA,NA,NA,NA,NA,NA,NA,1889736,2024698,2125444,2246437,2349031,2434792,2480344,2531084,2581600,2668984,2768455,2834953,2860585,2931315,3010815,3085340,3170558,3261299,3326601,3411097,3494743,3542908,3641401,3713561,3805482,3877021,3957145,4031592,4095225,35.0044469277193,31.4611010118467,"JOR,LBN,PSX,EGY,SYR"
"Italy","ITA","Labor force, total","SL.TLF.TOTL.IN",NA,NA,NA,NA,NA,NA,NA,NA,NA,NA,NA,NA,NA,NA,NA,NA,NA,NA,NA,NA,NA,NA,NA,NA,NA,NA,NA,NA,NA,NA,23918722,24092697,23334561,23201045,23007735,22871561,22973201,23011807,23160484,23302720,23334798,23455992,23716385,24026815,24562077,24402950,24440317,24417189,24732425,24516549,24451369,24438804,24962311,25064690,25416836,25341014,25584166,25458955,25344062,12.0700125476898,42.7966284872871,"CHE,SMR,SVN,FRA,VAT,AUT"
"Jamaica","JAM","Labor force, total","SL.TLF.TOTL.IN",NA,NA,NA,NA,NA,NA,NA,NA,NA,NA,NA,NA,NA,NA,NA,NA,NA,NA,NA,NA,NA,NA,NA,NA,NA,NA,NA,NA,NA,NA,1083795,1104509,1125080,1144343,1164805,1171941,1177767,1181215,1181833,1192878,1202625,1213648,1224385,1234457,1249064,1265619,1285803,1305100,1324321,1344506,1366327,1386274,1407953,1430365,1451209,1469160,1487494,1501507,1511825,-77.3148259326597,18.1569487765389,NA
"Jordan","JOR","Labor force, total","SL.TLF.TOTL.IN",NA,NA,NA,NA,NA,NA,NA,NA,NA,NA,NA,NA,NA,NA,NA,NA,NA,NA,NA,NA,NA,NA,NA,NA,NA,NA,NA,NA,NA,NA,782264,857326,920131,1002271,1082546,1155003,1195116,1225519,1250947,1274261,1298304,1325098,1344194,1359818,1403358,1454005,1507031,1630972,1701569,1827111,1894063,1969502,2038778,2096207,2198262,2293738,2378153,2446266,2504501,36.7713610401975,31.2457909120754,"IRQ,ISR,PSX,SAU,SYR"
"Japan","JPN","Labor force, total","SL.TLF.TOTL.IN",NA,NA,NA,NA,NA,NA,NA,NA,NA,NA,NA,NA,NA,NA,NA,NA,NA,NA,NA,NA,NA,NA,NA,NA,NA,NA,NA,NA,NA,NA,63872728,65025779,65844647,66170028,66492359,66839518,67365735,67975693,68028984,67824596,67670786,67597243,67157152,67069090,66717970,66739866,66799943,67142641,67092189,66914551,66665453,65970611,65650470,65992810,66182686,66363239,66844279,66503545,66106503,138.030895576917,37.5923013530156,NA
"Kazakhstan","KAZ","Labor force, total","SL.TLF.TOTL.IN",NA,NA,NA,NA,NA,NA,NA,NA,NA,NA,NA,NA,NA,NA,NA,NA,NA,NA,NA,NA,NA,NA,NA,NA,NA,NA,NA,NA,NA,NA,7968799,8046025,8071824,8076988,8035945,7956796,7879257,7789420,7699508,7660662,7655067,7673622,7710534,7758737,7802568,7947812,8080705,8226662,8382549,8573022,8719779,8806519,8887384,8961806,9050189,9109811,9172172,9230422,9259577,67.2914935687296,48.1568806660835,"CHN,RUS,KGZ,TKM,UZB"
"Kenya","KEN","Labor force, total","SL.TLF.TOTL.IN",NA,NA,NA,NA,NA,NA,NA,NA,NA,NA,NA,NA,NA,NA,NA,NA,NA,NA,NA,NA,NA,NA,NA,NA,NA,NA,NA,NA,NA,NA,8811367,9138988,9485938,9846015,10211929,10579647,10926323,11270427,11616108,11978025,12215451,12395412,12592431,12791508,12972715,13128066,13569992,14024859,14500094,14984059,15473809,15983129,16512800,17055831,17609968,18171576,18748056,19352405,19963734,37.7959397292676,0.599880215445471,"ETH,TZA,UGA,SDS,SOM"
"Kyrgyz Republic","KGZ","Labor force, total","SL.TLF.TOTL.IN",NA,NA,NA,NA,NA,NA,NA,NA,NA,NA,NA,NA,NA,NA,NA,NA,NA,NA,NA,NA,NA,NA,NA,NA,NA,NA,NA,NA,NA,NA,1712383,1743292,1774739,1789252,1806483,1832931,1870452,1907781,1953118,2001039,2047512,2088892,2136710,2174817,2218820,2311434,2381386,2395736,2403708,2410072,2447362,2491924,2503062,2487005,2520862,2561561,2565487,2605503,2631363,74.5416551328567,41.4622194345521,"CHN,TJK,KAZ,UZB"
"Cambodia","KHM","Labor force, total","SL.TLF.TOTL.IN",NA,NA,NA,NA,NA,NA,NA,NA,NA,NA,NA,NA,NA,NA,NA,NA,NA,NA,NA,NA,NA,NA,NA,NA,NA,NA,NA,NA,NA,NA,4003908,4124719,4231444,4337485,4454162,4599215,4742202,4941942,5171509,5420890,5579244,6160983,6335845,6463487,6545539,6807867,7083268,7358541,7635162,7893797,8146598,8307572,8477494,8647778,8812637,8967963,9125204,9309226,9486792,104.906943249431,12.7200478566511,"THA,LAO,VNM"
"Korea, Rep.","KOR","Labor force, total","SL.TLF.TOTL.IN",NA,NA,NA,NA,NA,NA,NA,NA,NA,NA,NA,NA,NA,NA,NA,NA,NA,NA,NA,NA,NA,NA,NA,NA,NA,NA,NA,NA,NA,NA,19184391,19698990,20091124,20352454,20905304,21398592,21799758,22335298,22027136,22326937,22810633,23183357,23642612,23660958,24112607,24281181,24519188,24774717,24923116,24923602,25262256,25660784,26054417,26381091,27108754,27432943,27719344,27890371,28020303,127.839160864018,36.385239834652,"PRK"
"Kuwait","KWT","Labor force, total","SL.TLF.TOTL.IN",NA,NA,NA,NA,NA,NA,NA,NA,NA,NA,NA,NA,NA,NA,NA,NA,NA,NA,NA,NA,NA,NA,NA,NA,NA,NA,NA,NA,NA,NA,879731,872377,NA,NA,NA,759993,772077,813891,873726,935265,987617,1018375,1045140,1073514,1106829,1154659,1216232,1292607,1383946,1493248,1611890,1729663,1856503,1985038,2100763,2194085,2229107,2253095,2268147,47.5870045888837,29.3343126156754,"IRQ,SAU"
"Lao PDR","LAO","Labor force, total","SL.TLF.TOTL.IN",NA,NA,NA,NA,NA,NA,NA,NA,NA,NA,NA,NA,NA,NA,NA,NA,NA,NA,NA,NA,NA,NA,NA,NA,NA,NA,NA,NA,NA,NA,1927173,1977221,2028131,2079694,2130124,2182106,2224716,2270127,2317673,2366394,2416220,2472119,2526620,2582373,2642575,2708413,2784788,2864848,2946681,3027656,3106200,3178153,3249142,3317721,3385901,3452821,3524301,3602800,3681650,103.737724120427,18.5021743316028,"CHN,MMR,THA,VNM,KHM"
"Lebanon","LBN","Labor force, total","SL.TLF.TOTL.IN",NA,NA,NA,NA,NA,NA,NA,NA,NA,NA,NA,NA,NA,NA,NA,NA,NA,NA,NA,NA,NA,NA,NA,NA,NA,NA,NA,NA,NA,NA,781133,802797,830395,858524,884428,908461,923308,943592,958317,987021,1026740,1073013,1136138,1207228,1270451,1328018,1370840,1402776,1420377,1452057,1512726,1609331,1731672,1866383,1987964,2086580,2164392,2207590,2229303,35.880160714965,33.9230663056785,"ISR,SYR"
"Liberia","LBR","Labor force, total","SL.TLF.TOTL.IN",NA,NA,NA,NA,NA,NA,NA,NA,NA,NA,NA,NA,NA,NA,NA,NA,NA,NA,NA,NA,NA,NA,NA,NA,NA,NA,NA,NA,NA,NA,650712,641430,636722,636216,644375,664190,701684,745294,803042,859081,903900,937422,960233,987897,1008647,1036581,1073418,1117608,1166724,1216047,1261702,1301265,1337437,1371357,1408295,1447262,1488158,1532902,1579778,-9.32207572689762,6.4527849165742,"SLE,GIN,CIV"
"Libya","LBY","Labor force, total","SL.TLF.TOTL.IN",NA,NA,NA,NA,NA,NA,NA,NA,NA,NA,NA,NA,NA,NA,NA,NA,NA,NA,NA,NA,NA,NA,NA,NA,NA,NA,NA,NA,NA,NA,1255832,1308355,1359130,1412954,1470340,1520179,1572781,1623054,1673724,1727338,1786030,1843399,1904567,1976040,2043907,2116427,2178032,2238226,2291440,2334799,2375376,2328781,2372530,2346067,2325988,2332698,2363336,2403125,2449113,18.0086616871671,27.0309449491385,"SDN,DZA,EGY,TCD,NER,TUN"
"St. Lucia","LCA","Labor force, total","SL.TLF.TOTL.IN",NA,NA,NA,NA,NA,NA,NA,NA,NA,NA,NA,NA,NA,NA,NA,NA,NA,NA,NA,NA,NA,NA,NA,NA,NA,NA,NA,NA,NA,NA,54666,56135,57320,58403,59475,60575,61808,63175,64640,66173,67741,69344,71340,73551,75939,78298,80864,83151,85315,87156,88720,90528,92160,93721,95219,96720,97935,99136,100641,-60.969699225277,13.8947948145343,NA
"Sri Lanka","LKA","Labor force, total","SL.TLF.TOTL.IN",NA,NA,NA,NA,NA,NA,NA,NA,NA,NA,NA,NA,NA,NA,NA,NA,NA,NA,NA,NA,NA,NA,NA,NA,NA,NA,NA,NA,NA,NA,7355728,7198777,7019888,7159147,7299364,7155180,7278672,7401484,7978309,7864117,7830731,7907981,7984113,8056471,8123334,8183016,8231291,8273940,8310608,8341363,8242391,8250892,8172455,8498965,8449225,8519572,8630101,8724539,8756536,80.7010823782394,7.61266509224142,NA
"Lesotho","LSO","Labor force, total","SL.TLF.TOTL.IN",NA,NA,NA,NA,NA,NA,NA,NA,NA,NA,NA,NA,NA,NA,NA,NA,NA,NA,NA,NA,NA,NA,NA,NA,NA,NA,NA,NA,NA,NA,678788,694630,711236,728215,744738,760366,772637,783677,793846,803580,807781,811660,816296,821365,826360,831035,838305,844833,851224,858184,865986,874345,883647,893696,909529,926235,942650,959001,975587,28.2272313098288,-29.58003188326,"ZAF"
"Lithuania","LTU","Labor force, total","SL.TLF.TOTL.IN",NA,NA,NA,NA,NA,NA,NA,NA,NA,NA,NA,NA,NA,NA,NA,NA,NA,NA,NA,NA,NA,NA,NA,NA,NA,NA,NA,NA,NA,NA,1791470,1791562,1787622,1779019,1766582,1753890,1738966,1724015,1710315,1712659,1682388,1643903,1625856,1683859,1594102,1553537,1511805,1511341,1512342,1522388,1503797,1495317,1484614,1473510,1481405,1470307,1481027,1458336,1446978,23.8871935548324,55.3261098445256,"RUS,LVA,BLR,POL"
"Luxembourg","LUX","Labor force, total","SL.TLF.TOTL.IN",NA,NA,NA,NA,NA,NA,NA,NA,NA,NA,NA,NA,NA,NA,NA,NA,NA,NA,NA,NA,NA,NA,NA,NA,NA,NA,NA,NA,NA,NA,160004,165596,170047,169988,171633,167624,171285,173832,176475,181748,188742,189068,194924,195020,201394,207425,213162,215802,220410,234318,237903,243419,255227,263259,273796,282755,281982,289930,293147,6.07182201066392,49.7672536068142,"FRA,DEU,BEL"
"Latvia","LVA","Labor force, total","SL.TLF.TOTL.IN",NA,NA,NA,NA,NA,NA,NA,NA,NA,NA,NA,NA,NA,NA,NA,NA,NA,NA,NA,NA,NA,NA,NA,NA,NA,NA,NA,NA,NA,NA,1286430,1274109,1252147,1227625,1204514,1186393,1175732,1171893,1147245,1121000,1090112,1090875,1115201,1096875,1098381,1093769,1119655,1136064,1150616,1106702,1062906,1036403,1041714,1021228,1007309,1011063,1008672,995283,984716,24.9123598331549,56.8508516268282,"RUS,LTU,EST,BLR"
"Macao SAR, China","MAC","Labor force, total","SL.TLF.TOTL.IN",NA,NA,NA,NA,NA,NA,NA,NA,NA,NA,NA,NA,NA,NA,NA,NA,NA,NA,NA,NA,NA,NA,NA,NA,NA,NA,NA,NA,NA,NA,147045,151547,156977,160472,163972,172379,199386,202011,205500,210329,215719,225600,227555,231129,244048,258085,274944,295167,309395,320874,331811,342683,349955,359234,370924,376880,377917,382374,385669,113.509321161965,22.2231168835447,"CHN"
"Morocco","MAR","Labor force, total","SL.TLF.TOTL.IN",NA,NA,NA,NA,NA,NA,NA,NA,NA,NA,NA,NA,NA,NA,NA,NA,NA,NA,NA,NA,NA,NA,NA,NA,NA,NA,NA,NA,NA,NA,7668712,7839376,8090429,8324223,8449848,8755180,8861257,9131262,9310525,9553581,9775120,9952465,10088084,10364550,10587149,10736525,10844449,11011050,11151236,11354732,11552940,11751089,11795977,12003223,12198022,12357082,12541812,12714484,12883901,-8.45615794797747,29.8376295468792,"DZA,SAH"
"Moldova","MDA","Labor force, total","SL.TLF.TOTL.IN",NA,NA,NA,NA,NA,NA,NA,NA,NA,NA,NA,NA,NA,NA,NA,NA,NA,NA,NA,NA,NA,NA,NA,NA,NA,NA,NA,NA,NA,NA,1331040,1335072,1344881,1347043,1382417,1382780,1391500,1388940,1401668,1411517,1417365,1422109,1428249,1437348,1447656,1420404,1386049,1350396,1312894,1273751,1248999,1261601,1217923,1241366,1236929,1320953,1281176,1269659,1254468,28.4567337241307,47.1949880441786,"ROU,UKR"
"Madagascar","MDG","Labor force, total","SL.TLF.TOTL.IN",NA,NA,NA,NA,NA,NA,NA,NA,NA,NA,NA,NA,NA,NA,NA,NA,NA,NA,NA,NA,NA,NA,NA,NA,NA,NA,NA,NA,NA,NA,5470068,5635038,5809721,5994524,6188951,6392005,6591865,6802702,7023555,7253628,7492934,7727910,7978667,8237391,8505887,8782870,9135660,9495141,9863538,10244359,10638131,10958015,11286251,11611906,11931417,12238232,12618366,13053653,13498774,46.7047367428283,-19.3718958676506,NA
"Maldives","MDV","Labor force, total","SL.TLF.TOTL.IN",NA,NA,NA,NA,NA,NA,NA,NA,NA,NA,NA,NA,NA,NA,NA,NA,NA,NA,NA,NA,NA,NA,NA,NA,NA,NA,NA,NA,NA,NA,57962,59905,61960,64163,66544,69157,72634,76343,80408,84990,90212,98254,107322,117329,128078,139354,150383,157306,164500,171917,179485,186958,194529,201956,208998,212105,213912,220009,225359,73.4571300419496,3.72870919988059,NA
"Mexico","MEX","Labor force, total","SL.TLF.TOTL.IN",NA,NA,NA,NA,NA,NA,NA,NA,NA,NA,NA,NA,NA,NA,NA,NA,NA,NA,NA,NA,NA,NA,NA,NA,NA,NA,NA,NA,NA,NA,30409934,31461036,32765261,34139184,35036472,35889163,36807231,38548717,39290368,39626128,40336388,40703848,41578562,41975188,43720881,44833048,46406150,47576477,48488143,49561825,50543153,51691471,53380542,54293599,54835995,56018784,56990890,58072901,59153317,-102.523451691889,23.9475372406403,"GTM,USA,BLZ"
"North Macedonia","MKD","Labor force, total","SL.TLF.TOTL.IN",NA,NA,NA,NA,NA,NA,NA,NA,NA,NA,NA,NA,NA,NA,NA,NA,NA,NA,NA,NA,NA,NA,NA,NA,NA,NA,NA,NA,NA,NA,814480,815784,815485,814959,813091,813034,817468,818791,821853,825209,835801,846102,855278,866599,835139,868658,893460,907876,924528,936647,945655,948041,945930,959326,963908,959956,951994,953816,955111,21.6821134607056,41.5953089336201,"ALB,GRC,SRB,BGR"
"Mali","MLI","Labor force, total","SL.TLF.TOTL.IN",NA,NA,NA,NA,NA,NA,NA,NA,NA,NA,NA,NA,NA,NA,NA,NA,NA,NA,NA,NA,NA,NA,NA,NA,NA,NA,NA,NA,NA,NA,2283277,2327372,2384467,2447788,2515853,2587613,2655658,2728788,2806061,2889048,2979397,3069305,3168958,3273104,3386087,3653521,3922305,4208343,4509076,4821507,5143785,5420753,5704350,5994796,6292915,6481074,6683850,6933000,7197665,-3.54269064850936,17.3458158134836,"SEN,DZA,GIN,MRT,CIV,BFA,NER"
"Malta","MLT","Labor force, total","SL.TLF.TOTL.IN",NA,NA,NA,NA,NA,NA,NA,NA,NA,NA,NA,NA,NA,NA,NA,NA,NA,NA,NA,NA,NA,NA,NA,NA,NA,NA,NA,NA,NA,NA,136691,140680,142235,144165,145299,146501,148398,150190,152134,154199,156205,159652,160263,161290,158414,160699,163151,167277,169640,172242,176152,180374,184880,192017,199493,206436,212806,216819,217244,14.4052331642552,35.9214963220544,NA
"Myanmar","MMR","Labor force, total","SL.TLF.TOTL.IN",NA,NA,NA,NA,NA,NA,NA,NA,NA,NA,NA,NA,NA,NA,NA,NA,NA,NA,NA,NA,NA,NA,NA,NA,NA,NA,NA,NA,NA,NA,18584532,19020483,19353116,19705941,20061314,20446590,20850503,21278649,21710826,22079197,22389243,22642808,22862942,23032156,23174157,23290105,23344489,23406073,23486340,23565571,23662845,23897710,24112996,24323894,24555902,24812006,25085390,25413014,25747356,96.488433210418,21.1856659926903,"CHN,IND,BGD,THA,LAO"
"Montenegro","MNE","Labor force, total","SL.TLF.TOTL.IN",NA,NA,NA,NA,NA,NA,NA,NA,NA,NA,NA,NA,NA,NA,NA,NA,NA,NA,NA,NA,NA,NA,NA,NA,NA,NA,NA,NA,NA,NA,239345,241490,243248,244601,245662,246211,245961,245615,244935,244889,244465,245338,246342,247420,247899,248285,248181,248005,247950,247740,247253,246081,248546,248569,248353,247983,247596,246871,245789,19.2388393924741,42.7889025929079,"ALB,BIH,HRV,SRB"
"Mongolia","MNG","Labor force, total","SL.TLF.TOTL.IN",NA,NA,NA,NA,NA,NA,NA,NA,NA,NA,NA,NA,NA,NA,NA,NA,NA,NA,NA,NA,NA,NA,NA,NA,NA,NA,NA,NA,NA,NA,739337,763631,789092,809988,826569,839964,860986,879410,898205,918952,943677,967482,992198,1016899,1039167,1063952,1086986,1107969,1129526,1151716,1169399,1207606,1212141,1237902,1262326,1279224,1268790,1283607,1297681,103.052997648559,46.8268154393944,"CHN,RUS"
"Mozambique","MOZ","Labor force, total","SL.TLF.TOTL.IN",NA,NA,NA,NA,NA,NA,NA,NA,NA,NA,NA,NA,NA,NA,NA,NA,NA,NA,NA,NA,NA,NA,NA,NA,NA,NA,NA,NA,NA,NA,5946143,6151283,6415830,6711916,7013350,7299003,7505289,7704417,7964971,8220332,8478524,8717350,8965100,9220268,9455261,9692631,9906451,10122860,10338170,10548248,10749243,10924374,11084130,11417254,11763848,12125074,12498017,12898678,13319995,35.5336754258895,-17.2738164259247,"ZMB,TZA,SWZ,ZWE,MWI,ZAF"
"Mauritania","MRT","Labor force, total","SL.TLF.TOTL.IN",NA,NA,NA,NA,NA,NA,NA,NA,NA,NA,NA,NA,NA,NA,NA,NA,NA,NA,NA,NA,NA,NA,NA,NA,NA,NA,NA,NA,NA,NA,585149,601341,618031,635055,654138,673124,694664,718913,743583,768491,795035,818494,842526,866994,892063,917731,943077,969581,997072,1025852,1055829,1086950,1119569,1156418,1194603,1234381,1272883,1312118,1352571,-10.3477981454891,20.2573670559692,"SEN,DZA,SAH,MLI"
"Mauritius","MUS","Labor force, total","SL.TLF.TOTL.IN",NA,NA,NA,NA,NA,NA,NA,NA,NA,NA,NA,NA,NA,NA,NA,NA,NA,NA,NA,NA,NA,NA,NA,NA,NA,NA,NA,NA,NA,NA,450355,458412,466539,473446,481536,487653,493189,501715,510515,520522,528417,536532,536458,535238,533393,542496,545317,545441,551604,557092,568072,568781,577108,587436,597487,607123,604135,605688,607913,57.5712055060798,-20.2776870433232,NA
"Malawi","MWI","Labor force, total","SL.TLF.TOTL.IN",NA,NA,NA,NA,NA,NA,NA,NA,NA,NA,NA,NA,NA,NA,NA,NA,NA,NA,NA,NA,NA,NA,NA,NA,NA,NA,NA,NA,NA,NA,3956917,4028531,4059894,4068634,4085077,4124335,4193753,4293072,4412905,4544431,4678794,4796865,4922368,5056809,5201289,5356531,5527878,5707144,5895222,6095214,6308640,6527585,6766967,7020984,7254868,7494698,7745958,8029723,8315817,34.289355987054,-13.2180808805933,"ZMB,MOZ,TZA"
"Malaysia","MYS","Labor force, total","SL.TLF.TOTL.IN",NA,NA,NA,NA,NA,NA,NA,NA,NA,NA,NA,NA,NA,NA,NA,NA,NA,NA,NA,NA,NA,NA,NA,NA,NA,NA,NA,NA,NA,NA,7088526,7300560,7512622,7721695,7938068,8160862,8401657,8660183,8982888,9260759,9533732,9795948,10058384,10334223,10615689,10909756,11155750,11395122,11573526,11922706,12218715,12788871,13348574,14021153,14435805,14827537,15121369,15441348,15744572,109.697622842647,3.78986845571309,"THA,IDN,BRN"
"Namibia","NAM","Labor force, total","SL.TLF.TOTL.IN",NA,NA,NA,NA,NA,NA,NA,NA,NA,NA,NA,NA,NA,NA,NA,NA,NA,NA,NA,NA,NA,NA,NA,NA,NA,NA,NA,NA,NA,NA,451027,469277,487106,505376,524114,536822,549356,563508,588916,613862,637491,654253,668742,681785,694585,707968,722032,736592,752225,769495,788746,814910,843408,873809,905609,931910,958630,989579,1021434,17.2096356670219,-22.1303256842151,"ZMB,AGO,ZWE,BWA,ZAF"
"New Caledonia","NCL","Labor force, total","SL.TLF.TOTL.IN",NA,NA,NA,NA,NA,NA,NA,NA,NA,NA,NA,NA,NA,NA,NA,NA,NA,NA,NA,NA,NA,NA,NA,NA,NA,NA,NA,NA,NA,NA,74787,77986,81190,84514,87677,90496,92563,94635,96585,98660,100626,102748,104813,106771,108563,110420,112285,114077,115986,117908,119872,122361,124918,127501,129937,132301,134346,136320,138357,165.684923735378,-21.2999180580178,NA
"Niger","NER","Labor force, total","SL.TLF.TOTL.IN",NA,NA,NA,NA,NA,NA,NA,NA,NA,NA,NA,NA,NA,NA,NA,NA,NA,NA,NA,NA,NA,NA,NA,NA,NA,NA,NA,NA,NA,NA,3242702,3344448,3458806,3583365,3716635,3857586,3997894,4146717,4302130,4463326,4629835,4779143,4939347,5108821,5286559,5472292,5655216,5849792,6055688,6274269,6505681,6739610,6989285,7254178,7532910,7825838,8119897,8438963,8779112,9.38545881538727,17.4191249295756,"DZA,MLI,BFA,NGA,BEN,TCD,LBY"
"Nigeria","NGA","Labor force, total","SL.TLF.TOTL.IN",NA,NA,NA,NA,NA,NA,NA,NA,NA,NA,NA,NA,NA,NA,NA,NA,NA,NA,NA,NA,NA,NA,NA,NA,NA,NA,NA,NA,NA,NA,29591445,30343380,31110149,31890331,32702232,33550772,34358728,35214120,36103266,37044372,37985698,38932999,39925288,40907104,41748206,42853686,43908010,45035923,46230729,47480739,48780928,50069086,51416082,52823397,54260696,55789651,57352456,58958901,60645197,8.08943894770572,9.59411452232656,"CMR,BEN,TCD,NER"
"Nicaragua","NIC","Labor force, total","SL.TLF.TOTL.IN",NA,NA,NA,NA,NA,NA,NA,NA,NA,NA,NA,NA,NA,NA,NA,NA,NA,NA,NA,NA,NA,NA,NA,NA,NA,NA,NA,NA,NA,NA,1350590,1394140,1429546,1465653,1503592,1542374,1605510,1669824,1735408,1800794,1874589,1930775,1986641,2042180,2097460,2152504,2211614,2280048,2348040,2415768,2483362,2551677,2620692,2689563,2756870,2818694,2882560,2939653,2994265,-85.0305296950586,12.8470942896472,"HND,CRI"
"Netherlands","NLD","Labor force, total","SL.TLF.TOTL.IN",NA,NA,NA,NA,NA,NA,NA,NA,NA,NA,NA,NA,NA,NA,NA,NA,NA,NA,NA,NA,NA,NA,NA,NA,NA,NA,NA,NA,NA,NA,6912145,7020794,7112105,7184149,7304957,7373980,7471490,7667665,7810630,7963411,8159146,8307396,8443016,8482264,8539576,8579594,8646261,8796080,8932866,9029097,8865531,8849862,8962768,8989620,8968813,9034712,9050417,9096107,9118196,5.28144793007441,52.1007899002476,"DEU,BEL"
"Norway","NOR","Labor force, total","SL.TLF.TOTL.IN",NA,NA,NA,NA,NA,NA,NA,NA,NA,NA,NA,NA,NA,NA,NA,NA,NA,NA,NA,NA,NA,NA,NA,NA,NA,NA,NA,NA,NA,NA,2152356,2139559,2146638,2148666,2173299,2217816,2270030,2330877,2377030,2382060,2405966,2417320,2439352,2409440,2422961,2431748,2465923,2522862,2598720,2599179,2607926,2626888,2671604,2699135,2723816,2762984,2768877,2789924,2813673,15.3483465622262,68.7501557205492,"FIN,SWE,RUS"
"Nepal","NPL","Labor force, total","SL.TLF.TOTL.IN",NA,NA,NA,NA,NA,NA,NA,NA,NA,NA,NA,NA,NA,NA,NA,NA,NA,NA,NA,NA,NA,NA,NA,NA,NA,NA,NA,NA,NA,NA,9219209,9486556,9787994,10112767,10447095,10780183,11041507,11295196,11543782,11794678,12011409,12231635,12445975,12652191,12846163,13027892,13237636,13426530,13604039,13865431,14152815,14545682,14972888,15417273,15851443,16260015,16689835,17053278,17406027,83.915826400156,28.248913649588,"CHN,IND"
"New Zealand","NZL","Labor force, total","SL.TLF.TOTL.IN",NA,NA,NA,NA,NA,NA,NA,NA,NA,NA,NA,NA,NA,NA,NA,NA,NA,NA,NA,NA,NA,NA,NA,NA,NA,NA,NA,NA,NA,NA,1621349,1702705,1709718,1727992,1773611,1816972,1868377,1888204,1894117,1909725,1928886,1966167,2027895,2065672,2121367,2178626,2229983,2265375,2286635,2302431,2324565,2353499,2362576,2394021,2464873,2513183,2608039,2662134,2682275,171.484923466014,-41.8111355689543,NA
"Oman","OMN","Labor force, total","SL.TLF.TOTL.IN",NA,NA,NA,NA,NA,NA,NA,NA,NA,NA,NA,NA,NA,NA,NA,NA,NA,NA,NA,NA,NA,NA,NA,NA,NA,NA,NA,NA,NA,NA,557573,604685,657153,712258,763972,806186,804674,796118,787547,784294,786012,801818,828989,865181,905609,950684,1014432,1088334,1172138,1274756,1398211,1553232,1722935,1909095,2097545,2274924,2409267,2544115,2675099,56.0916615482706,20.6051533257035,"ARE,SAU,YEM"
"Pakistan","PAK","Labor force, total","SL.TLF.TOTL.IN",NA,NA,NA,NA,NA,NA,NA,NA,NA,NA,NA,NA,NA,NA,NA,NA,NA,NA,NA,NA,NA,NA,NA,NA,NA,NA,NA,NA,NA,NA,31130954,31842626,32679313,33244083,34423557,34623303,36057146,37577502,38654373,40043321,41617691,42713694,43991382,45816194,47704747,50083730,52551736,53655064,54888464,56949189,56125279,57508050,59382954,61333632,62716806,65422753,68396800,69957925,71517889,69.3395793747809,29.9497515031307,"CHN,IRN,IND,KAS,AFG"
"Panama","PAN","Labor force, total","SL.TLF.TOTL.IN",NA,NA,NA,NA,NA,NA,NA,NA,NA,NA,NA,NA,NA,NA,NA,NA,NA,NA,NA,NA,NA,NA,NA,NA,NA,NA,NA,NA,NA,NA,928503,959725,1003966,1049051,1084326,1133008,1163999,1194665,1227105,1259507,1297366,1334501,1372772,1411974,1455676,1495386,1508611,1554769,1626676,1678436,1699991,1684820,1751350,1822120,1853565,1904008,1953279,1991732,2030929,-80.1191515612474,8.51750797491118,"CRI,COL"
"Peru","PER","Labor force, total","SL.TLF.TOTL.IN",NA,NA,NA,NA,NA,NA,NA,NA,NA,NA,NA,NA,NA,NA,NA,NA,NA,NA,NA,NA,NA,NA,NA,NA,NA,NA,NA,NA,NA,NA,7838722,8075913,8467136,8867216,9269529,9784328,10284276,10789427,11145342,11557191,11502890,12289391,12771228,13258254,13752567,14253792,14750542,15255493,15572305,15958608,16407919,16605508,16877968,17052108,17169769,17209815,17532996,17902590,18274293,-74.382426850958,-9.15280381329142,"COL,ECU,CHL,BOL,BRA"
"Philippines","PHL","Labor force, total","SL.TLF.TOTL.IN",NA,NA,NA,NA,NA,NA,NA,NA,NA,NA,NA,NA,NA,NA,NA,NA,NA,NA,NA,NA,NA,NA,NA,NA,NA,NA,NA,NA,NA,NA,22741143,23483164,24245195,24965823,25630368,26343013,26996221,27686251,28506333,29219813,29953311,30755300,31501594,32216119,32801108,33691711,34630153,35510753,36414550,37641192,38629516,39917372,40509613,41207282,42512009,42982424,43753750,44643324,45535024,122.88393252927,11.7753677808742,NA
"Papua New Guinea","PNG","Labor force, total","SL.TLF.TOTL.IN",NA,NA,NA,NA,NA,NA,NA,NA,NA,NA,NA,NA,NA,NA,NA,NA,NA,NA,NA,NA,NA,NA,NA,NA,NA,NA,NA,NA,NA,NA,1813873,1859569,1899938,1934603,1988533,2060757,2113483,2189342,2267461,2337132,2416828,2489549,2565689,2639812,2714173,2782349,2859974,2927919,2997895,3071027,3143422,3207210,3279368,3360224,3434621,3514523,3605797,3695703,3787538,145.207447523551,-6.46416646082972,"IDN"
"Poland","POL","Labor force, total","SL.TLF.TOTL.IN",NA,NA,NA,NA,NA,NA,NA,NA,NA,NA,NA,NA,NA,NA,NA,NA,NA,NA,NA,NA,NA,NA,NA,NA,NA,NA,NA,NA,NA,NA,17621247,17742497,17825594,17783938,17597754,17391056,17329587,17195392,17230780,17165967,17319035,17575446,17379008,17299857,17265330,17529421,17325045,17328555,17565954,17834006,18035960,18103946,18229612,18268083,18389715,18326432,18393553,18303571,18172093,19.390128349323,52.1275956441736,"RUS,UKR,LTU,BLR,DEU,CZE,SVK"
"Puerto Rico","PRI","Labor force, total","SL.TLF.TOTL.IN",NA,NA,NA,NA,NA,NA,NA,NA,NA,NA,NA,NA,NA,NA,NA,NA,NA,NA,NA,NA,NA,NA,NA,NA,NA,NA,NA,NA,NA,NA,1151287,1189044,1200590,1256952,1261621,1266526,1311794,1356338,1370882,1380468,1352059,1368941,1384066,1390958,1391876,1407155,1414568,1391005,1360237,1340266,1321138,1294065,1267409,1242135,1210932,1178304,1161345,1139807,1140637,-66.4730760435021,18.2281305461095,NA
"Korea, Dem. Peoples Rep.","PRK","Labor force, total","SL.TLF.TOTL.IN",NA,NA,NA,NA,NA,NA,NA,NA,NA,NA,NA,NA,NA,NA,NA,NA,NA,NA,NA,NA,NA,NA,NA,NA,NA,NA,NA,NA,NA,NA,12187042,12481952,12717120,12911499,13075636,13250328,13387951,13530939,13674257,13825385,13960793,14104117,14238153,14373927,14510004,14650699,14777298,14909304,15054538,15211174,15354155,15497179,15633588,15766563,15899672,16033929,16155974,16282869,16406565,127.192479731944,40.1535031092798,"CHN,RUS,KOR"
"Portugal","PRT","Labor force, total","SL.TLF.TOTL.IN",NA,NA,NA,NA,NA,NA,NA,NA,NA,NA,NA,NA,NA,NA,NA,NA,NA,NA,NA,NA,NA,NA,NA,NA,NA,NA,NA,NA,NA,NA,4759708,4888254,4750922,4768051,4812457,4819346,4881553,4976863,5122502,5173480,5245791,5352433,5442555,5467241,5450424,5504303,5530519,5552461,5546491,5492076,5489308,5431188,5388411,5297389,5241883,5218238,5207267,5173734,5137615,-8.50104361268308,39.5955067144979,"ESP"
"Paraguay","PRY","Labor force, total","SL.TLF.TOTL.IN",NA,NA,NA,NA,NA,NA,NA,NA,NA,NA,NA,NA,NA,NA,NA,NA,NA,NA,NA,NA,NA,NA,NA,NA,NA,NA,NA,NA,NA,NA,1702602,1753640,1803123,1859374,1919192,1976551,2034866,2094796,2156638,2220787,2287446,2353754,2423813,2495979,2567571,2637007,2705590,2769540,2830458,2907659,2882818,2954028,3153667,3175675,3163341,3227141,3323165,3385816,3446675,-58.400137031999,-23.2282391320271,"BOL,ARG,BRA"
"French Polynesia","PYF","Labor force, total","SL.TLF.TOTL.IN",NA,NA,NA,NA,NA,NA,NA,NA,NA,NA,NA,NA,NA,NA,NA,NA,NA,NA,NA,NA,NA,NA,NA,NA,NA,NA,NA,NA,NA,NA,75418,77228,79114,81140,82879,84712,87181,89310,91296,93265,95275,97080,99023,100897,102686,104383,106096,107692,109574,111182,112537,113905,114999,115711,116344,116989,117894,119046,120039,-144.904943869346,-14.7222740899053,NA
"Qatar","QAT","Labor force, total","SL.TLF.TOTL.IN",NA,NA,NA,NA,NA,NA,NA,NA,NA,NA,NA,NA,NA,NA,NA,NA,NA,NA,NA,NA,NA,NA,NA,NA,NA,NA,NA,NA,NA,NA,272893,279842,284245,288209,291896,296193,300511,306250,314979,325934,338861,358580,381364,414132,465448,543056,663919,817830,990385,1168076,1340552,1456861,1570075,1677310,1778482,1872412,1928490,1975202,2015696,51.1847963211614,25.3060118762669,"SAU"
"Romania","ROU","Labor force, total","SL.TLF.TOTL.IN",NA,NA,NA,NA,NA,NA,NA,NA,NA,NA,NA,NA,NA,NA,NA,NA,NA,NA,NA,NA,NA,NA,NA,NA,NA,NA,NA,NA,NA,NA,12097142,12100668,12133653,12213363,12270182,12278095,11914154,11965822,11803968,11813935,11748974,11389483,10255172,9951410,9889455,9587443,9735554,9560113,9342614,9225262,9372962,9187221,9231350,9181120,9201670,9104015,8939351,8833526,8723486,24.972930393288,45.8524312742408,"UKR,SRB,MDA,HUN,BGR"
"Russian Federation","RUS","Labor force, total","SL.TLF.TOTL.IN",NA,NA,NA,NA,NA,NA,NA,NA,NA,NA,NA,NA,NA,NA,NA,NA,NA,NA,NA,NA,NA,NA,NA,NA,NA,NA,NA,NA,NA,NA,76378507,76344438,76564653,74772136,72873661,72616905,71893629,70578916,69878351,73910580,74243259,72920128,73864433,73729120,74418531,74945765,75195704,76180717,76697252,76762384,76595377,76961789,76800194,76521071,76349070,76288744,76202012,75638703,74910039,96.6205101247049,61.9628590933559,"NOR,FIN,CHN,UKR,MNG,KAZ,GEO,LTU,LVA,EST,BLR,POL,PRK,AZE"
"Rwanda","RWA","Labor force, total","SL.TLF.TOTL.IN",NA,NA,NA,NA,NA,NA,NA,NA,NA,NA,NA,NA,NA,NA,NA,NA,NA,NA,NA,NA,NA,NA,NA,NA,NA,NA,NA,NA,NA,NA,3283791,3226556,3116579,3000075,2936673,2948436,3047768,3238419,3475410,3705711,3899353,4059999,4186632,4294136,4395745,4505848,4631678,4763230,4897881,5037796,5181830,5324058,5473265,5629582,5788485,5949418,6116453,6296321,6480403,29.9198851524163,-1.99033831692518,"TZA,UGA,COD,BDI"
"Saudi Arabia","SAU","Labor force, total","SL.TLF.TOTL.IN",NA,NA,NA,NA,NA,NA,NA,NA,NA,NA,NA,NA,NA,NA,NA,NA,NA,NA,NA,NA,NA,NA,NA,NA,NA,NA,NA,NA,NA,NA,5045509,5202460,5352986,5455233,5546640,5631834,5714611,5810170,5923911,6070111,6403507,6615765,6890897,7235752,7602735,7978167,8313231,8647413,8966123,9289847,9834264,10487696,11202506,11845700,12391396,12991603,13431362,13834229,14219315,44.5368627114043,24.1224584072829,"KWT,IRQ,JOR,ARE,OMN,YEM,QAT"
"Sudan","SDN","Labor force, total","SL.TLF.TOTL.IN",NA,NA,NA,NA,NA,NA,NA,NA,NA,NA,NA,NA,NA,NA,NA,NA,NA,NA,NA,NA,NA,NA,NA,NA,NA,NA,NA,NA,NA,NA,5477865,5739617,6022622,6318908,6618530,6914125,7152249,7296734,7436229,7577663,7727065,7889094,8060510,8236461,8411356,8581308,8718037,8847484,8975195,9108260,9303947,9522852,9754170,10010173,10280705,10559262,10847399,11149950,11465133,29.9404681198958,15.9903566855827,"ETH,ERI,CAF,SDS,EGY,TCD,LBY"
"Senegal","SEN","Labor force, total","SL.TLF.TOTL.IN",NA,NA,NA,NA,NA,NA,NA,NA,NA,NA,NA,NA,NA,NA,NA,NA,NA,NA,NA,NA,NA,NA,NA,NA,NA,NA,NA,NA,NA,NA,2152986,2219379,2288700,2359643,2431707,2501622,2564813,2627416,2689966,2755083,2825605,2900990,2983256,3067488,3155965,3247993,3343197,3508487,3683009,3867739,4062700,4268280,4408394,4554609,4704140,4855247,5007116,5179014,5356848,-14.4734923972823,14.3662417312827,"GNB,GMB,GIN,MRT,MLI"
"Singapore","SGP","Labor force, total","SL.TLF.TOTL.IN",NA,NA,NA,NA,NA,NA,NA,NA,NA,NA,NA,NA,NA,NA,NA,NA,NA,NA,NA,NA,NA,NA,NA,NA,NA,NA,NA,NA,NA,NA,1510932,1566029,1617924,1662796,1721734,1781879,1851720,1918068,1982578,2003739,2046758,2117782,2121297,2101508,2137291,2214085,2314109,2444598,2629314,2725971,2808399,2886652,2994964,3055059,3139951,3222396,3263575,3266673,3308368,103.817255920043,1.3587608707501,NA
"Solomon Islands","SLB","Labor force, total","SL.TLF.TOTL.IN",NA,NA,NA,NA,NA,NA,NA,NA,NA,NA,NA,NA,NA,NA,NA,NA,NA,NA,NA,NA,NA,NA,NA,NA,NA,NA,NA,NA,NA,NA,121503,125508,129237,134037,138461,143041,148257,154024,159542,165446,173357,180084,186093,190925,195963,200996,205803,210490,215150,221559,226370,230276,235697,241649,248011,254126,260604,267203,273577,159.632876678369,-8.92178021692276,NA
"Sierra Leone","SLE","Labor force, total","SL.TLF.TOTL.IN",NA,NA,NA,NA,NA,NA,NA,NA,NA,NA,NA,NA,NA,NA,NA,NA,NA,NA,NA,NA,NA,NA,NA,NA,NA,NA,NA,NA,NA,NA,1541748,1545512,1545367,1534664,1526146,1525054,1525153,1534273,1551553,1582977,1627251,1691569,1765096,1851855,1985777,2046352,2088933,2123330,2153046,2182553,2214611,2242523,2273034,2305339,2338156,2411919,2472407,2534310,2597962,-11.7927124667898,8.56329593037589,"GIN,LBR"
"El Salvador","SLV","Labor force, total","SL.TLF.TOTL.IN",NA,NA,NA,NA,NA,NA,NA,NA,NA,NA,NA,NA,NA,NA,NA,NA,NA,NA,NA,NA,NA,NA,NA,NA,NA,NA,NA,NA,NA,NA,1917015,1965956,2016163,2088080,2155346,2166842,2148660,2170268,2264176,2280916,2286261,2292067,2296477,2377655,2352656,2396792,2449709,2503009,2531134,2559701,2584933,2632911,2684452,2741574,2762233,2779506,2799818,2844047,2886457,-88.8716446906213,13.739437438277,"HND,GTM"
"Somalia","SOM","Labor force, total","SL.TLF.TOTL.IN",NA,NA,NA,NA,NA,NA,NA,NA,NA,NA,NA,NA,NA,NA,NA,NA,NA,NA,NA,NA,NA,NA,NA,NA,NA,NA,NA,NA,NA,NA,2016668,2016970,2015440,2016623,2025478,2042680,2068699,2108307,2156527,2208807,2263915,2305866,2355373,2410741,2470117,2532588,2597278,2664201,2735286,2814305,2903995,2986826,3082204,3187726,3299315,3414729,3527490,3641415,3760709,45.7071448699436,4.75062876054847,"ETH,SOL,KEN"
"Serbia","SRB","Labor force, total","SL.TLF.TOTL.IN",NA,NA,NA,NA,NA,NA,NA,NA,NA,NA,NA,NA,NA,NA,NA,NA,NA,NA,NA,NA,NA,NA,NA,NA,NA,NA,NA,NA,NA,NA,3327134,3350118,3385810,3416438,3437276,3387506,3393821,3381535,3371062,3386667,3363219,3352479,3342470,3333593,3319190,3307651,3294390,3291843,3238929,3145473,3067906,3049788,3065464,3104490,3111705,3075166,3172272,3138980,3110460,20.7895833362733,44.2215031993201,"ROU,BIH,HRV,MKD,MNE,HUN,BGR"
"Sao Tome and Principe","STP","Labor force, total","SL.TLF.TOTL.IN",NA,NA,NA,NA,NA,NA,NA,NA,NA,NA,NA,NA,NA,NA,NA,NA,NA,NA,NA,NA,NA,NA,NA,NA,NA,NA,NA,NA,NA,NA,33085,33755,34536,35379,36213,37050,38017,39002,40034,41140,42308,43438,44648,45906,47211,48553,49987,51507,53048,54616,56156,57813,59447,61066,62699,64374,66078,67889,69600,6.72429657927255,0.443914449308524,NA
"Suriname","SUR","Labor force, total","SL.TLF.TOTL.IN",NA,NA,NA,NA,NA,NA,NA,NA,NA,NA,NA,NA,NA,NA,NA,NA,NA,NA,NA,NA,NA,NA,NA,NA,NA,NA,NA,NA,NA,NA,132168,135687,138678,141056,143707,146333,150278,153859,157140,160176,163650,166607,169722,173034,176581,179991,183696,187561,191461,195334,199302,203047,206613,210094,213451,216592,218556,221392,223863,-55.9123456950545,4.13055412990106,"FRA,GUY,BRA"
"Slovak Republic","SVK","Labor force, total","SL.TLF.TOTL.IN",NA,NA,NA,NA,NA,NA,NA,NA,NA,NA,NA,NA,NA,NA,NA,NA,NA,NA,NA,NA,NA,NA,NA,NA,NA,NA,NA,NA,NA,NA,2618461,2630371,2573246,2520108,2457107,2481113,2516117,2517387,2525215,2551618,2584992,2632890,2623613,2658442,2674159,2661987,2653700,2650243,2681953,2672322,2683373,2686077,2710517,2717675,2723197,2738577,2762411,2752824,2737049,19.4790521810641,48.705475281323,"UKR,AUT,CZE,POL,HUN"
"Slovenia","SVN","Labor force, total","SL.TLF.TOTL.IN",NA,NA,NA,NA,NA,NA,NA,NA,NA,NA,NA,NA,NA,NA,NA,NA,NA,NA,NA,NA,NA,NA,NA,NA,NA,NA,NA,NA,NA,NA,937544,939011,938941,938117,938311,940236,943472,959929,978874,964854,960897,969374,983286,962629,1009922,1018377,1024953,1039460,1035464,1042743,1042945,1022069,1016608,1011967,1016279,1009656,996960,988725,979606,14.8044423775562,46.1155477206985,"HRV,ITA,AUT,HUN"
"Sweden","SWE","Labor force, total","SL.TLF.TOTL.IN",NA,NA,NA,NA,NA,NA,NA,NA,NA,NA,NA,NA,NA,NA,NA,NA,NA,NA,NA,NA,NA,NA,NA,NA,NA,NA,NA,NA,NA,NA,4743268,4726207,4634907,4533332,4510507,4563210,4556818,4529716,4518067,4544043,4513551,4560921,4578453,4604438,4616939,4752321,4750128,4824750,4892006,4908131,4941195,4998110,5033981,5097788,5140808,5182078,5245273,5316838,5348925,16.7455804869441,62.7796651931058,"NOR,FIN"
"Eswatini","SWZ","Labor force, total","SL.TLF.TOTL.IN",NA,NA,NA,NA,NA,NA,NA,NA,NA,NA,NA,NA,NA,NA,NA,NA,NA,NA,NA,NA,NA,NA,NA,NA,NA,NA,NA,NA,NA,NA,241851,249141,255707,261888,268158,274804,282134,289954,297953,305639,312711,317998,322371,326364,330808,336225,343425,352025,361742,372198,383033,394269,405946,417896,430015,442140,454336,466259,477604,31.4819369011157,-26.5584304501743,"MOZ,ZAF"
"Syrian Arab Republic","SYR","Labor force, total","SL.TLF.TOTL.IN",NA,NA,NA,NA,NA,NA,NA,NA,NA,NA,NA,NA,NA,NA,NA,NA,NA,NA,NA,NA,NA,NA,NA,NA,NA,NA,NA,NA,NA,NA,3566938,3679579,3787231,3928757,4084971,4245575,4340707,4431679,4521840,4697117,4864915,4965716,5058741,5137966,5158202,5196070,5309963,5428457,5668789,5636492,5758877,5663260,5480978,5255201,5025485,4823360,4786180,4758732,4777378,38.5078820425317,35.0254738939699,"IRQ,JOR,ISR,LBN,TUR"
"Chad","TCD","Labor force, total","SL.TLF.TOTL.IN",NA,NA,NA,NA,NA,NA,NA,NA,NA,NA,NA,NA,NA,NA,NA,NA,NA,NA,NA,NA,NA,NA,NA,NA,NA,NA,NA,NA,NA,NA,2260656,2324374,2391486,2464002,2539640,2620969,2702045,2789188,2882835,2984167,3092958,3203478,3322884,3448378,3576382,3708247,3836695,3967955,4103925,4246442,4395388,4549278,4710196,4878863,5052851,5232367,5411573,5603043,5802622,18.6449251290913,15.3333375849825,"SDN,CAF,NGA,CMR,NER,LBY"
"Togo","TGO","Labor force, total","SL.TLF.TOTL.IN",NA,NA,NA,NA,NA,NA,NA,NA,NA,NA,NA,NA,NA,NA,NA,NA,NA,NA,NA,NA,NA,NA,NA,NA,NA,NA,NA,NA,NA,NA,1678320,1720261,1762794,1808734,1854879,1907264,1971128,2040047,2115835,2192734,2270218,2340852,2411253,2481083,2553331,2628542,2702796,2762375,2822177,2881260,2939122,2993647,3078436,3165851,3254944,3346083,3437988,3533538,3631701,0.962328449768552,8.52531356140525,"GHA,BFA,BEN"
"Thailand","THA","Labor force, total","SL.TLF.TOTL.IN",NA,NA,NA,NA,NA,NA,NA,NA,NA,NA,NA,NA,NA,NA,NA,NA,NA,NA,NA,NA,NA,NA,NA,NA,NA,NA,NA,NA,NA,NA,29904566,30426592,30892371,31316438,31744177,32382457,33163750,33861250,34200918,34402432,35142180,35857598,36316536,36746185,37283906,37781474,37950734,38541668,38935392,39188148,39303549,40057005,40099896,39550201,39483676,38889162,38996319,39136388,39255266,101.002881303559,15.1181579418338,"MMR,LAO,KHM,MYS"
"Tajikistan","TJK","Labor force, total","SL.TLF.TOTL.IN",NA,NA,NA,NA,NA,NA,NA,NA,NA,NA,NA,NA,NA,NA,NA,NA,NA,NA,NA,NA,NA,NA,NA,NA,NA,NA,NA,NA,NA,NA,1702708,1733351,1763363,1793230,1823774,1856066,1895197,1934380,1976235,2024243,2080372,2146222,2221837,2304741,2390289,2475421,2563835,2648180,2730312,2815264,2901298,2976939,3055553,3134289,3210329,3282832,3351954,3423230,3492585,71.0136263090643,38.5304538962996,"CHN,KGZ,UZB,AFG"
"Turkmenistan","TKM","Labor force, total","SL.TLF.TOTL.IN",NA,NA,NA,NA,NA,NA,NA,NA,NA,NA,NA,NA,NA,NA,NA,NA,NA,NA,NA,NA,NA,NA,NA,NA,NA,NA,NA,NA,NA,NA,1355507,1396872,1445456,1495674,1547950,1597935,1643070,1689802,1734982,1779209,1823594,1869250,1909518,1947540,1988646,2035132,2079651,2133232,2192026,2249643,2302348,2357316,2404860,2447110,2489033,2533015,2565153,2604028,2645935,59.3710002061453,39.1155413741941,"IRN,KAZ,UZB,AFG"
"Timor-Leste","TLS","Labor force, total","SL.TLF.TOTL.IN",NA,NA,NA,NA,NA,NA,NA,NA,NA,NA,NA,NA,NA,NA,NA,NA,NA,NA,NA,NA,NA,NA,NA,NA,NA,NA,NA,NA,NA,NA,291946,300447,307136,312230,314896,315440,304142,290959,279182,266935,254443,255740,255687,257291,258029,256564,258015,256573,253773,251451,250372,252374,256440,262076,267312,272576,278494,283478,288548,125.844389820665,-8.82889162046552,"IDN"
"Tonga","TON","Labor force, total","SL.TLF.TOTL.IN",NA,NA,NA,NA,NA,NA,NA,NA,NA,NA,NA,NA,NA,NA,NA,NA,NA,NA,NA,NA,NA,NA,NA,NA,NA,NA,NA,NA,NA,NA,32066,32919,33588,34148,34751,34725,34771,34983,35213,35392,35507,36080,36520,36875,37224,37525,37884,38326,38596,38858,39066,39198,39371,39651,39848,40061,40582,41220,41811,-174.809873409786,-20.4284317425378,NA
"Trinidad and Tobago","TTO","Labor force, total","SL.TLF.TOTL.IN",NA,NA,NA,NA,NA,NA,NA,NA,NA,NA,NA,NA,NA,NA,NA,NA,NA,NA,NA,NA,NA,NA,NA,NA,NA,NA,NA,NA,NA,NA,464018,454606,476046,492285,508283,522886,538689,549270,560098,568767,577343,586998,597190,617244,636791,655413,661159,664362,668502,664763,671291,673684,675279,675953,679754,675851,674156,674399,674347,-61.2656792334682,10.4573340810069,NA
"Tunisia","TUN","Labor force, total","SL.TLF.TOTL.IN",NA,NA,NA,NA,NA,NA,NA,NA,NA,NA,NA,NA,NA,NA,NA,NA,NA,NA,NA,NA,NA,NA,NA,NA,NA,NA,NA,NA,NA,NA,2533369,2609202,2676089,2765457,2850231,2933092,3010727,3085475,3138935,3190443,3241083,3286010,3329553,3372402,3414989,3457679,3544025,3631640,3709100,3723954,3806365,3877075,3977263,4005573,4029974,4060986,4083135,4109734,4136195,9.55288358932642,34.1195624649079,"DZA,LBY"
"Turkey","TUR","Labor force, total","SL.TLF.TOTL.IN",NA,NA,NA,NA,NA,NA,NA,NA,NA,NA,NA,NA,NA,NA,NA,NA,NA,NA,NA,NA,NA,NA,NA,NA,NA,NA,NA,NA,NA,NA,19672525,20041366,20178500,19234379,20656646,20944452,21252016,21216163,21764596,22202994,21414414,21767992,22071852,21908631,21873805,22317230,22241217,22631969,23369024,24213310,25218278,26275654,26756052,27797137,28631032,29710011,30749543,31275221,31791059,35.1689534648807,39.0616029012556,"IRQ,IRN,GEO,GRC,BGR,SYR,AZE,ARM"
"Tanzania","TZA","Labor force, total","SL.TLF.TOTL.IN",NA,NA,NA,NA,NA,NA,NA,NA,NA,NA,NA,NA,NA,NA,NA,NA,NA,NA,NA,NA,NA,NA,NA,NA,NA,NA,NA,NA,NA,NA,11486990,11868468,12280573,12711327,13147020,13578454,13962450,14345742,14734748,15136593,15557619,15991553,16440046,16907414,17400449,17923728,18467737,19052390,19673588,20317814,20977917,21648145,22388425,23117961,23845195,24618402,25423650,26306084,27235398,34.8130998093246,-6.27565408331664,"ZMB,MOZ,RWA,UGA,COD,MWI,BDI,KEN"
"Uganda","UGA","Labor force, total","SL.TLF.TOTL.IN",NA,NA,NA,NA,NA,NA,NA,NA,NA,NA,NA,NA,NA,NA,NA,NA,NA,NA,NA,NA,NA,NA,NA,NA,NA,NA,NA,NA,NA,NA,6317364,6509305,6701048,6900864,7110098,7330104,7525973,7736980,7964690,8210198,8474559,8754685,9055603,9377010,9719420,10083345,10456546,10855276,11278085,11722812,12188774,12668625,13172930,13664315,14172510,14698381,15233398,15839805,16473886,32.3690797137035,1.27469298730871,"RWA,TZA,COD,SDS,KEN"
"Ukraine","UKR","Labor force, total","SL.TLF.TOTL.IN",NA,NA,NA,NA,NA,NA,NA,NA,NA,NA,NA,NA,NA,NA,NA,NA,NA,NA,NA,NA,NA,NA,NA,NA,NA,NA,NA,NA,NA,NA,24628384,24637325,24689021,24724021,24730864,24680032,24306434,23883653,23450709,22983717,23221424,22739308,22573415,22441101,22283335,22156963,22027445,21902372,21789410,21727965,21659434,21623673,21409854,21571857,20936902,20929698,20770349,20535444,20252005,31.2529110645921,49.1586731204116,"RUS,ROU,BLR,POL,SVK,MDA,HUN"
"Uruguay","URY","Labor force, total","SL.TLF.TOTL.IN",NA,NA,NA,NA,NA,NA,NA,NA,NA,NA,NA,NA,NA,NA,NA,NA,NA,NA,NA,NA,NA,NA,NA,NA,NA,NA,NA,NA,NA,NA,1386970,1398895,1435914,1435499,1476652,1508935,1523386,1538267,1552541,1567034,1579057,1611707,1597730,1581602,1587448,1594530,1634405,1648710,1671974,1695723,1712454,1733195,1731287,1728421,1752284,1751444,1754212,1769073,1783380,-56.0180705314507,-32.7995153443752,"ARG,BRA"
"United States","USA","Labor force, total","SL.TLF.TOTL.IN",NA,NA,NA,NA,NA,NA,NA,NA,NA,NA,NA,NA,NA,NA,NA,NA,NA,NA,NA,NA,NA,NA,NA,NA,NA,NA,NA,NA,NA,NA,127939293,128695684,130848714,132277931,134617700,136503918,138422632,140843776,142834606,144820396,146767599,147741226,148568133,149183847,150258666,152118122,153992258,155294548,157089439,157204266,157015059,157131234,158429022,159007112,159800262,160838830,162776841,163463759,164113356,-112.461673699567,45.679547202551,"CAN,MEX"
"Uzbekistan","UZB","Labor force, total","SL.TLF.TOTL.IN",NA,NA,NA,NA,NA,NA,NA,NA,NA,NA,NA,NA,NA,NA,NA,NA,NA,NA,NA,NA,NA,NA,NA,NA,NA,NA,NA,NA,NA,NA,7548095,7715786,7920424,8128036,8327019,8529213,8758359,9008152,9255463,9470322,9729110,10005616,10284271,10565711,10854367,11151312,11455839,11778900,12121675,12475933,12978298,13434494,13748070,14075870,14405754,14721658,15030626,15311843,15512178,63.1400152804712,41.7555422526523,"TJK,KGZ,KAZ,TKM,AFG"
"St. Vincent and the Grenadines","VCT","Labor force, total","SL.TLF.TOTL.IN",NA,NA,NA,NA,NA,NA,NA,NA,NA,NA,NA,NA,NA,NA,NA,NA,NA,NA,NA,NA,NA,NA,NA,NA,NA,NA,NA,NA,NA,NA,41480,42388,43245,44007,44692,45444,46136,46832,47508,48124,48694,49496,50352,51204,52007,52749,53475,54082,54643,55142,55625,56007,56415,56822,57160,57423,57864,58249,58956,-61.2012969496937,13.2247226899661,NA
"Venezuela, RB","VEN","Labor force, total","SL.TLF.TOTL.IN",NA,NA,NA,NA,NA,NA,NA,NA,NA,NA,NA,NA,NA,NA,NA,NA,NA,NA,NA,NA,NA,NA,NA,NA,NA,NA,NA,NA,NA,NA,7559253,7828735,8101033,8360516,8609973,8891241,9160670,9461487,9731561,9972273,10284424,10594661,10831473,11078477,11508971,11891978,12266903,12436401,12726283,13008004,13214722,13475410,13611647,13903768,14155174,14381283,14486651,14732987,14975868,-66.1818412311454,7.12422421273277,"GUY,COL,BRA"
"Virgin Islands (U.S.)","VIR","Labor force, total","SL.TLF.TOTL.IN",NA,NA,NA,NA,NA,NA,NA,NA,NA,NA,NA,NA,NA,NA,NA,NA,NA,NA,NA,NA,NA,NA,NA,NA,NA,NA,NA,NA,NA,NA,48634,49744,50437,50692,50936,51305,51036,51248,51775,52180,52425,53097,53644,53999,54270,54559,54659,54771,54846,54758,54617,54182,53755,53309,52876,52451,52194,51928,51928,-64.8030153752392,17.9550062393723,NA
"Vietnam","VNM","Labor force, total","SL.TLF.TOTL.IN",NA,NA,NA,NA,NA,NA,NA,NA,NA,NA,NA,NA,NA,NA,NA,NA,NA,NA,NA,NA,NA,NA,NA,NA,NA,NA,NA,NA,NA,NA,33185694,34062715,34911691,35769710,36635357,37518562,38372026,39310769,40327942,41354041,42312002,43407469,44383326,45289503,46205807,47171711,48034823,48953545,49925424,50869267,51939895,52960884,53977063,54961593,55902420,56489773,56888431,57495284,58041068,106.299146977649,16.6460167019434,"CHN,LAO,KHM"
"Vanuatu","VUT","Labor force, total","SL.TLF.TOTL.IN",NA,NA,NA,NA,NA,NA,NA,NA,NA,NA,NA,NA,NA,NA,NA,NA,NA,NA,NA,NA,NA,NA,NA,NA,NA,NA,NA,NA,NA,NA,58002,59887,61906,64046,65745,67715,69335,70715,72106,73809,75402,77986,81003,83647,86345,88898,91687,94425,96926,99689,102742,105491,108624,111957,115213,118551,121790,124882,127721,167.686446357051,-16.2264090884343,NA
"Samoa","WSM","Labor force, total","SL.TLF.TOTL.IN",NA,NA,NA,NA,NA,NA,NA,NA,NA,NA,NA,NA,NA,NA,NA,NA,NA,NA,NA,NA,NA,NA,NA,NA,NA,NA,NA,NA,NA,NA,32945,33704,34295,34524,35055,34876,34997,35416,35613,35689,35388,35473,35637,35730,35781,35836,36099,36064,36358,37064,37441,37350,37721,38301,38638,38888,38951,39277,39286,-172.164850640267,-13.7532434638074,NA
"Yemen, Rep.","YEM","Labor force, total","SL.TLF.TOTL.IN",NA,NA,NA,NA,NA,NA,NA,NA,NA,NA,NA,NA,NA,NA,NA,NA,NA,NA,NA,NA,NA,NA,NA,NA,NA,NA,NA,NA,NA,NA,2565958,2725669,2895229,3090272,3273356,3483810,3644058,3806733,3973901,4151196,4226611,4316122,4406191,4500818,4604815,4719453,4832641,4957844,5092045,5229818,5368786,5450634,5538993,5632151,5729331,6009547,6256647,6436673,6617841,47.5867618877327,15.9092800504541,"OMN,SAU"
"South Africa","ZAF","Labor force, total","SL.TLF.TOTL.IN",NA,NA,NA,NA,NA,NA,NA,NA,NA,NA,NA,NA,NA,NA,NA,NA,NA,NA,NA,NA,NA,NA,NA,NA,NA,NA,NA,NA,NA,NA,12260328,12638013,13047048,13469684,13894689,14314495,14675506,15030581,15385769,15739576,16096198,16397744,16704716,17018223,17450742,17881809,18269707,18658408,19438477,19090878,18791368,19082445,19543078,20096835,20526772,21348712,21701910,22041176,22376624,25.0839009250673,-29.0003409534235,"MOZ,SWZ,ZWE,BWA,NAM,LSO"
"Zambia","ZMB","Labor force, total","SL.TLF.TOTL.IN",NA,NA,NA,NA,NA,NA,NA,NA,NA,NA,NA,NA,NA,NA,NA,NA,NA,NA,NA,NA,NA,NA,NA,NA,NA,NA,NA,NA,NA,NA,3395651,3481680,3570519,3663021,3761744,3866542,3974238,4089740,4211488,4336915,4464584,4581106,4700517,4823258,4950552,5083661,5181433,5285854,5397042,5515365,5641054,5788801,5943592,6150625,6366519,6590823,6818504,7060768,7311919,27.7747594636932,-13.4582415186469,"MOZ,TZA,COD,AGO,ZWE,MWI,BWA,NAM"
"Zimbabwe","ZWE","Labor force, total","SL.TLF.TOTL.IN",NA,NA,NA,NA,NA,NA,NA,NA,NA,NA,NA,NA,NA,NA,NA,NA,NA,NA,NA,NA,NA,NA,NA,NA,NA,NA,NA,NA,NA,NA,4089726,4203757,4312876,4417477,4521773,4629648,4720809,4814996,4851242,4874463,5137791,5389252,5635380,5875594,6111067,6200658,6309934,6424154,6544490,6671584,6805556,6962532,7132052,7310718,7495830,7686852,7887416,8123245,8371424,29.8514412019219,-19.0042041882168,"ZMB,MOZ,BWA,NAM,ZAF"
